time,no,review,score,read_volume,label
2022/6/28,12,"['$', '中海油', '服', '(', 'SH601808', ')', '$', '原', '油价', '突破', '110', '美元', '，', '这货', '也', '该表']",7.0,419,1
2022/6/28,16,"['$', '中海油', '服', '(', 'SH601808', ')', '$', '一堆', '均线', '强压', '着', '，', '涨个', '毛线', '！']",-5.0,361,-1
2022/6/28,19,"['快', '，', '快', '，', '不', '吹牛', '，', '历史', '圆狐底', '黄金', '坑', '游资', '扫货', '。', '银座', '股份']",8.0,991,1
2022/6/24,40,"['$', '中海油', '服', '(', 'SH601808', ')', '$', '猪', '一样', '的', '主力', '也', '得', '有', '猪', '一样', '的', '思维']",7.0,480,1
2022/6/23,51,"['$', '中海油', '服', '(', 'SH601808', ')', '$', '原油期货', '见', '顶了', '！']",7.0,396,1
2022/6/23,55,"['$', '中海油', '服', '(', 'SH601808', ')', '$', '又', '得', '三个', '月', '才能', '上去', '了', '，', '唉']",5.0,422,1
2022/6/20,77,"['$', 'XD', '中海油', '(', 'SH601808', ')', '$', '下周一', '瑟瑟', '发抖']",-6.0,955,-1
2022/6/20,89,"['涨好', '几天', '也', '不到', '一块', '，', '你', '一天', '就', '回到', '解放前', '，', '真牛']",7.0,426,1
2022/6/19,100,"['油运', '的', '价格', '都', '没有', '起来', '，', '何谈', '股价', '见', '顶', '$', '招商', '南油', '(', 'SH6019']",-7.0,688,-1
2022/6/17,107,"['现在', '分红', '都', '这么', '抠搜', '的', '了']",-5.0,807,-1
2022/6/16,119,"['给', '我', '涨', '，', '尾盘', '来个', '奇迹']",10.0,416,1
2022/6/14,141,"['垄断', '企业']",-5.0,327,-1
2022/6/10,153,"['营业额', '是', '中海油', '股', '几倍', '，', '市值', '却', '不到', '中海油', '股', '一半', '，', '牛B', '$']",7.0,1559,1
2022/6/9,165,"['宝塔', '买入', '了', '，', '昨天', '说', '的', '价格', '，', '中海油', '服买', '了', '点', '试试', '$', '宝塔']",6.0,718,1
2022/6/8,174,"['$', '中海油', '服', '(', 'SH601808', ')', '$', '不', '知道', '上午', '主力', '吃够', '了', '没', '？', '上午', '获']",-7.0,622,-1
2022/6/7,187,"['真特', '么', '神', '了', '，', '挂', '15.50', '就是', '卖不掉', '，', '服了']",-5.0,700,-1
2022/6/6,198,"['坚定', '持有', '，', '锁仓']",5.0,357,1
2022/6/6,200,"['中海油', '服', '6', '月', '6', '日', '快速', '上涨']",6.0,368,1
2022/6/5,204,"['我国', '自主', '设计', '建造', '的', '首批', '智能', 'LNG', '动力', '守护', '船', '交付']",6.0,1492,1
2022/6/2,219,"['$', '中海油', '服', '(', 'SH601808', ')', '$', '终于', '解套', '了', '，', '谢谢', '各位', '老乡', '鼎力', '支']",7.0,879,1
2022/5/31,240,"['我', '前不久', '发了', '一篇', '中海油', '的', '文章', '，', '写', '的', '比较', '详细', '。', '预测', '市']",5.0,1725,1
2022/5/31,257,"['$', '中海油', '服', '(', 'SH601808', ')', '$', '17', '的', '时候', '都', '坚守', '者', '你', '，', '现在', '却', '在', '盼']",7.0,339,1
2022/5/31,258,"['还是', '小服', '的', '小', '碎步', '稳健']",5.0,341,1
2022/5/27,283,"['也', '有', '可能', '是', '出货', '啊', '，', '我', '猜', '的', '哈哈', '[', '微笑', ']', '[', '微笑', ']', '[', '微笑', ']']",7.0,622,1
2022/5/26,300,"['多方', '动能', '不足']",-5.0,614,-1
2022/5/25,316,"['突破', '25', '日线', '就要', '暴涨', '开始', '买入', '一个亿', '，', '翻倍', '行']",9.0,361,1
2022/5/25,322,"['中海油', '服', '5', '月', '25', '日', '快速', '上涨']",6.0,315,1
2022/5/24,326,"['油价', '上行', '拉动', '油服', '景气', '向上', '，', '公司业绩', '有望', '持']",9.0,2707,1
2022/5/24,328,"['油', '啊', '油', '！', '老', '油头粉面', '！', '！', '！']",-15.0,361,-1
2022/5/20,347,"['$', '中海油', '服', '(', 'SH601808', ')', '$', '主力', '在', '玩', '套路', '，', '上下', '都']",7.0,377,1
2022/5/19,355,"['$', '中海油', '服', '(', 'SH601808', ')', '$', '已割', '亏本', '四万']",5.0,494,1
2022/5/19,357,"['$', '中海油', '服', '(', 'SH601808', ')', '$', '你', '麻辣', '戈壁', '的', '，', '妖孽', '主']",-7.0,363,-1
2022/5/17,380,"['中海油', '服', '5', '月', '17', '日', '快速', '上涨']",6.0,377,1
2022/5/11,401,"['海洋', '油气', '重要', '装备', '水下', '生产', '系统', '首次', '开启', '国产化', '应用']",8.0,744,1
2022/5/11,405,"['中海油', '服', '5', '月', '5', '日', '快速', '上涨']",6.0,608,1
2022/5/10,410,"['22Q1', '盈利', '高增', '，', '高油价', '促', '海上', '油服', '景气', '回升']",5.0,2154,1
2022/5/10,417,"['研报', '好烦', '！', '简直', '无语', '！']",-5.0,474,-1
2022/5/5,428,"['$', '中海油', '服', '(', 'SH601808', ')', '$', '哈哈', '，', '清仓', '了']",6.0,487,1
2022/4/29,440,"['光大', '证券', '维持', '中海油', '服', '买入', '评级', ' ', '预计', '2022', '年', '净利润', '同比']",6.0,526,1
2022/4/29,442,"['一', '季报', '铁定', '漂亮', '，', '就', '看', '资本', '买', '不', '买单', '了']",6.0,745,1
2022/4/29,447,"['油服', '景气', '高涨', '，', '22Q1', '盈利', '超预期']",8.0,1034,1
2022/4/29,450,"['哈哈', '把', '易方达', '的', '韮', '菜', '割', '了']",7.0,562,1
2022/4/28,464,"['中海油', '服', '：', '2022', '年', '一季度', '净利润', '同比', '增长', '67.6']",7.0,813,1
2022/4/28,466,"['601808', ':', '中海油', '服', '独立', '董事', '提名', '人和', '候选人', '声']",6.0,284,1
2022/4/27,482,"['$', '中海油', '服', '(', 'SH601808', ')', '$', '我', '擦', '，', '油', '怎么', '飞', '起来', '了']",7.0,674,1
2022/4/27,483,"['对面', '广东', '宏大', '都', '三天', '跌停', '了']",6.0,458,1
2022/4/27,484,"['中海油', '服', '4', '月', '27', '日', '快速', '反弹']",6.0,269,1
2022/4/26,488,"['$', '中海油', '服', '(', 'SH601808', ')', '$', '现在', '就', '恨', '自己', '钱', '不够', '多']",-5.0,715,-1
2022/4/25,508,"['大', '反弹', '呼之欲出']",8.0,517,1
2022/4/25,517,"['$', '中海油', '服', '(', 'SH601808', ')', '$', '他人', '恐惧', '我', '贪婪', '，', '梭哈']",-7.0,384,-1
2022/4/22,528,"['营收', '二百多', '亿', '，', '亏损', '几千万', '，', '这个', '公司', '也', '是', '个', '人才']",6.0,667,1
2022/4/22,530,"['中海油', '打破', '新股', '“', '魔咒', '”', '，', '“', '三桶', '油', '”', '聚齐', '！', '累计', '分红', '达']",-6.0,8865,-1
2022/4/22,533,"['油服', '不行', '，', '海油', '发展', '有希望']",-6.0,384,-1
2022/4/21,555,"['无论如何', '内地', '都', '是', '当前', '全球', '产业链', '较', '完备', '和', '最', '稳定', '经济体']",5.0,295,1
2022/4/21,559,"['麻烦', '有', '大神', '给', '指点', '一下', '，', '中海油', '卖', '不', '？', '临停', '了']",-7.0,601,-1
2022/4/21,565,"['昨今', '两天', '外围', '都', '多', '走红', '，', '反弹', '呼之欲出']",10.0,239,1
2022/4/21,567,"['开心', '，', '刚刚', '卖', '了', '500', '股', '啦']",5.0,338,1
2022/4/21,570,"['陷阱', '？']",-5.0,489,-1
2022/4/18,589,"['$', '中海油', '服', '(', 'SH601808', ')', '$', '主力', '拉', '一下', '吧']",7.0,302,1
2022/4/18,592,"['俄乌', '影响', '全球', '粮油', '，', '等待', '粮食', '风口', '？', '中粮', '糖业', '神仙', '打架', '，']",6.0,788,1
2022/4/18,600,"['$', '中海油', '服', '(', 'SH601808', ')', '$', '真', '不要脸']",-7.0,256,-1
2022/4/18,602,"['$', '中海油', '服', '(', 'SH601808', ')', '$', '机构', '压盘', '，', '嚣张', '无比', '！']",-7.0,249,-1
2022/4/16,604,"['$', '中海油', '服', '(', 'SH601808', ')', '$', '俄乌', '局势', '恶化', '，', '能源', '自主', '必须', '有', '中']",11.0,661,1
2022/4/14,622,"['主力', '人', '呢', '，', '开始', '五一', '长假', '了', '么']",7.0,475,1
2022/4/14,626,"['无语', '了', '，', '这', '垃圾', '也', '能', '这样', '玩', '，', '看看', '厦门', '国贸', '业绩', '比', '你好', '二']",-6.0,521,-1
2022/4/12,647,"['13.11', '我来', '买', '几手', '看看', '运气', '。']",7.0,411,1
2022/4/12,658,"['$', '中海油', '服', '(', 'SH601808', ')', '$', '中海油', '上市', '把', '整个', '板块', '都', '给', '连累', '了']",-5.0,375,-1
2022/4/10,676,"['锄禾日当午', '，', '不如', '交易', '苦', '；', '对着', 'K', '线图', '，', '心中', '没有', '谱', '。', '补']",5.0,563,1
2022/4/8,679,"['没多大', '出息', '，', '走', '了', '，', '祝', '留下', '的', '发财', '！']",5.0,696,1
2022/4/7,698,"['昨天', '的', '不够', '跌']",-6.0,474,-1
2022/4/1,715,"['破股', '天天', '跌', '没劲', '太烂', '了', '唉']",-6.0,489,-1
2022/4/1,720,"['$', '中海油', '服', '(', 'SH601808', ')', '$', '哈哈', '，', '满融', '满仓', '买入', '，', '感觉', '要涨', '！']",8.0,534,1
2022/3/31,731,"['$', '中海油', '服', '(', 'SH601808', ')', '$', '主力', '加油', '，', '希望', '月线', '能', '收到', '14.2', '以']",8.0,808,1
2022/3/30,752,"['进击', '的', '海上', '油服', '龙头', '，', '尽享', '行业', '景气', '向上']",7.0,2296,1
2022/3/28,797,"['中海油', '服', '3', '月', '28', '日', '快速', '上涨']",6.0,379,1
2022/3/25,824,"['22', '年', '业绩', '预计', '至少', '是', '10', '倍', '增长', '，', '4', '月底', '看', '1', '季度', '业绩', '就', '能', '大']",7.0,715,1
2022/3/25,826,"['2021', '年报', '：', '技术', '服务', '自主化', '推进', '，', '钻井', '服务', '有']",7.0,1542,1
2022/3/25,836,"['光大', '证券', '维持', '中海油', '服', '买入', '评级', ' ', '预计', '2022', '年']",6.0,569,1
2022/3/24,883,"['原油', '快到', '顶了', '，', '再见']",7.0,353,1
2022/3/24,886,"['今天', '不', '涨停', '，', '天理难容']",-10.0,462,-1
2022/3/23,892,"['原油', '太', '疯狂', '暴涨']",-13.0,323,-1
2022/3/23,898,"['$', '中海油', '服', '(', 'SH601808', ')', '$', '原油', '一路', '不', '回头', '，', '打爆']",-5.0,236,-1
2022/3/23,904,"['拖累', '板块', '[', '怒', ']']",-5.0,309,-1
2022/3/22,932,"['该', '你', '了', '，', '起来', '吧']",7.0,226,1
2022/3/21,954,"['理性', '点', '，', '上涨', '趋势', '不变', '耐心', '点', '吧']",7.0,289,1
2022/3/21,963,"['$', '中海油', '服', '(', 'SH601808', ')', '$', '放心', '原油期货', '一直', '再涨', '，', '它', '不会', '不']",8.0,199,1
2022/3/21,964,"['中海油', '服', '真是', '绝了']",5.0,341,1
2022/3/17,994,"['原油期货', '升天', '了', '，', '明天', '吃', '肉']",-7.0,413,-1
2022/3/17,1008,"['$', '中海油', '服', '(', 'SH601808', ')', '$', '跌', '了', '那么', '多', '，', '起来', '吧', '油服', '[', '主力', ']']",27.0,301,1
2022/3/16,1023,"['负', '油价', '的', '时候', '也', '没', '这么', '离谱', '吧', '，', '你', '特', '么', '是', '吃错药', '了', '？']",-5.0,584,-1
2022/3/16,1031,"['$', '中海油', '服', '(', 'SH601808', ')', '$', '臭', '不要', '的', '主力']",-8.0,15201,-1
2022/3/16,1045,"['$', '中海油', '服', '(', 'SH601808', ')', '$', '黎明前', '的', '黑暗']",-7.0,198,-1
2022/3/16,1046,"['你', '特', '么', '不管', '是', '补跌', '，', '暴雷', '，', '破产', '，', '出货', '，', '都', '不用', '这么', '急切']",-6.0,316,-1
2022/3/16,1053,"['$', '中海油', '服', '(', 'SH601808', ')', '$', '放量', '下跌', '是', '好事', '，', '明天', '必', '回调', '，', '拭']",-7.0,434,-1
2022/3/15,1060,"['$', '中海油', '服', '(', 'SH601808', ')', '$', '大师', '们', '什么', '价位', '可以', '抄底']",7.0,532,1
2022/3/15,1081,"['想', '抄底', '的', '，', '按住', '你', '口袋', '不要', '随便', '的', '进来', '了', '，', '15', '进来', '抄底', '的']",5.0,504,1
2022/3/15,1087,"['$', '中海油', '服', '(', 'SH601808', ')', '$', '最好', '别', '啦', '，', '我', '明天', '12.5', '加仓']",9.0,205,1
2022/3/15,1091,"['$', '中海油', '服', '(', 'SH601808', ')', '$', '黄金', '建', '仓位']",5.0,345,1
2022/3/15,1093,"['为什么', '这样', '，', '跌', '起来', '刹', '不住', '车']",5.0,357,1
2022/3/14,1112,"['$', '中海油', '服', '(', 'SH601808', ')', '$', '来', '，', '美女', '，', '看看', '你', '的', '腿', '！']",5.0,453,1
2022/3/14,1116,"['$', '中海油', '服', '(', 'SH601808', ')', '$', '个个', '以', '打仗', '就', '买', '油', '，', '庄家', '偏', '砸盘', '，']",-5.0,386,-1
2022/3/14,1118,"['$', '中海油', '服', '(', 'SH601808', ')', '$', '偷偷', '告诉', '你们', '，', '明天', '大涨', '，', '快买', '吧']",-7.0,383,-1
2022/3/14,1122,"['$', '中海油', '服', '(', 'SH601808', ')', '$', '嚣张', '的', '不行', '！']",-14.0,221,-1
2022/3/14,1130,"['真是', '越跌', '越', '买', '，', '有', '气魄']",7.0,218,1
2022/3/12,1139,"['就', '喜欢', '看', '你们', '这样', '，', '有', '散户', '才能', '拉升', '，', '没有', '散户', '就', '起', '死水']",11.0,365,1
2022/3/12,1140,"['$', '中海油', '服', '(', 'SH601808', ')', '$', '反弹', '无量', '，', '下星期', '继续', '跳水']",7.0,526,1
2022/3/11,1146,"['做', 'T', '吧', '，', '这', '主力', '太狠', '了', '，', '有', '规律', '的', '小单', '一直', '砸']",7.0,505,1
2022/3/11,1153,"['$', '中海油', '服', '(', 'SH601808', ')', '$', '又', '要', '骗人', '筹码', '。']",-9.0,227,-1
2022/3/11,1154,"['反', '抽', '无量', '的', '，', '还是', '要', '懂得', '减仓', '换股', '[', '666', ']', '[', '666', ']', '[', '666', ']']",-7.0,269,-1
2022/3/11,1159,"['怎么', '跌', '起来', '没完', '啦', '！', '16.7', '的', '成本', '，', '满仓', '，', '哭', '晕']",6.0,561,1
2022/3/11,1164,"['速速', '逃命', '去', '吧', '！']",-5.0,247,-1
2022/3/11,1168,"['为什么', '你', '那么', '喜欢', '砸', '坑', '，', '卧槽']",5.0,243,1
2022/3/10,1176,"['完', '了', '原油', '又', '起来', '了', '，', '今年', '会', '不会', '持续', '高油价', '啊', '？', '那油服', '不']",7.0,487,1
2022/3/10,1185,"['突破', '后', '的', '回', '踩']",7.0,609,1
2022/3/9,1198,"['$', '中海油', '服', '(', 'SH601808', ')', '$', '无量', '暴跌', '，', '还', '得', '深跌', '，', '跌到', '和', '港股']",5.5,246,1
2022/3/8,1213,"['下午', '砸盘', '，', '是', '够', '恶毒']",-8.0,228,-1
2022/3/7,1223,"['$', '中海油', '服', '(', 'SH601808', ')', '$', '可恶', '的', '庄家', '！', '明显', '压盘', '吸筹', '！']",-7.0,215,-1
2022/3/7,1226,"['中海油', '服', '也', '是', '我', '见', '过', '最', '不要脸', '，', '最', '垃圾', '的', '股票', '了', '，', '40', '美元']",-66.0,432,-1
2022/3/7,1232,"['能', '走出', '这样', '的', '分时', '来', '，', '只能', '证明', '庄家', '无耻', '和', '高度', '控盘']",-10.0,429,-1
2022/3/7,1237,"['中海油', '服', '3', '月', '7', '日', '快速', '上涨']",6.0,390,1
2022/3/7,1238,"['油价', '上行', '，', '海上', '油气', '潜力', '待', '释放']",6.0,1013,1
2022/3/5,1248,"['今早', '起来', '一看', '原油', '又', '又', '又', '暴涨', '了', '，', '脑瓜子', '顿时', '嗡嗡', '滴', '，', '油']",8.0,632,1
2022/3/3,1266,"['17.60', '跑', '了', '，', '挣', '了', '一个月', '生活费', '，', '满足', '了', '，', '感谢', '主力']",17.0,940,1
2022/3/3,1269,"['主力', '差', '我', '那', '百八十', '的', '？']",6.0,267,1
2022/3/3,1270,"['这股', '没', '主力', '，', '还是', '出来', '吧']",-7.0,243,-1
2022/3/3,1279,"['$', '中海油', '服', '(', 'SH601808', ')', '$', '实在', '是', '无语', '对', '这', '家伙']",-10.0,253,-1
2022/3/3,1283,"['中海油', '服', '真是', '我', '所见', '过', '最', '垃圾', '的', '石油', '股', '了', '，', '没有', '之一', '，', '只']",-9.0,301,-1
2022/3/3,1285,"['$', '中海油', '服', '(', 'SH601808', ')', '$', '这', '就是', '机构', '做', 't', '的', '下场']",-5.0,230,-1
2022/3/3,1295,"['$', '中海油', '服', '(', 'SH601808', ')', '$', '一买', '就', '狂跌', '，', '我', '也', '是', '无语', '了', '，', '我', '怎']",-6.0,403,-1
2022/3/3,1296,"['$', '中海油', '服', '(', 'SH601808', ')', '$', '气', '的', '肝', '疼', '，', '血压', '180', '，', '差点', '背', '过气']",-5.0,343,-1
2022/3/3,1303,"['主力', '拉高', '出货', '，', '走人', '！']",7.0,217,1
2022/3/3,1304,['不行'],-7.0,184,-1
2022/3/3,1305,"['不行', '啊']",-7.0,189,-1
2022/3/3,1306,"['中海油', '服', '3', '月', '3', '日', '快速', '上涨']",6.0,337,1
2022/3/3,1308,"['$', '中海油', '服', '(', 'SH601808', ')', '$', '老夫', '可是', '得道', '高人', '！', '目标价', '21', '块', '多']",10.0,1014,1
2022/3/2,1330,"['冲', '起来', '啊', '，', '来个', '涨停']",8.0,206,1
2022/3/2,1331,"['你', '快', '恶心', '死', '我', '了']",-5.0,196,-1
2022/3/1,1362,"['装神弄鬼', '的', '。', '。', '。']",-5.0,189,-1
2022/3/1,1364,"['成功', '突破']",10.0,326,1
2022/3/1,1367,"['$', '中海油', '服', '(', 'SH601808', ')', '$', '放心', '持有', '！']",7.0,247,1
2022/2/28,1382,"['$', '中海油', '服', '(', 'SH601808', ')', '$', '石油', '跟', '黄金', '，', '我', '选择', '了', '黄金', '，', '好像']",10.0,298,1
2022/2/28,1396,"['中海油', '服', '2', '月', '28', '日', '快速', '反弹']",6.0,279,1
2022/2/28,1399,"['中海油', '服', '2', '月', '28', '日', '快速', '上涨']",6.0,304,1
2022/2/25,1414,"['还会', '起来', '吗']",7.0,241,1
2022/2/25,1416,"['中海油', '服', '2', '月', '25', '日', '快速', '反弹']",6.0,482,1
2022/2/24,1437,"['清仓', '走人', '不是', '主力', '对手']",-9.0,317,-1
2022/2/24,1448,"['主力', '轻松', '就', '能', '涨停', '确', '这样', '玩', '走', '了']",11.0,210,1
2022/2/24,1449,"['nnd', '，', '封', '不住', '就要', '坏事']",-8.0,213,-1
2022/2/24,1450,"['主力', '在', '出货']",7.0,186,1
2022/2/24,1464,"['中海油', '服', '2', '月', '24', '日', '快速', '上涨']",6.0,443,1
2022/2/23,1471,"['是不是', '买', '中海油', '服', '不如', '买', '中海油', '？']",5.0,453,1
2022/2/22,1481,"['时间', '真是', '一块', '犀利', '的', '磨刀石']",5.0,199,1
2022/2/22,1483,"['$', '中海油', '服', '(', 'SH601808', ')', '$', '原油', '要', '突破', '100', '美元', '啦']",7.0,195,1
2022/2/22,1486,"['$', '中海油', '服', '(', 'SH601808', ')', '$', '16.07', '是', '压力', '位', '，', '一千万', '突破', '就是']",6.0,212,1
2022/2/22,1487,"['别的', '看空', '，', '油', '不是', '得', '暴涨', '吗', '？', '你', '怎么', '也', '不行', '了', '？']",-8.0,200,-1
2022/2/22,1493,"['中海油', '服', '2', '月', '22', '日', '快速', '上涨']",6.0,298,1
2022/2/21,1500,"['跌', '的', '漂亮']",5.0,228,1
2022/2/18,1517,"['中海油', '服', '2', '月', '18', '日', '快速', '反弹']",6.0,378,1
2022/2/18,1518,"['$', '中海油', '服', '(', 'SH601808', ')', '$', '技术', '没', '问题', '，', '要', '有', '信念']",6.0,345,1
2022/2/17,1523,"['中海油', '服', '2', '月', '17', '日', '快速', '上涨']",6.0,409,1
2022/2/16,1532,"['中海油', '服', '2', '月', '16', '日', '快速', '反弹']",6.0,355,1
2022/2/16,1533,"['厉害', '，', '居然', '起来', '了']",6.0,317,1
2022/2/15,1542,"['昨天', '主力', '上午', '冲', '，', '下午', '慢慢', '的', '全出', '，', '又', '有', '多少', '散户', '接单', '，']",7.0,356,1
2022/2/14,1551,"['轻装上阵', '2022', '很', '刺激']",-10.0,311,-1
2022/2/14,1552,"['$', '中海油', '服', '(', 'SH601808', ')', '$', '技术', '上', '完美']",9.0,490,1
2022/2/14,1561,"['16.96', '好', '冷', '!', '但', '风景', '不错', '!', '!']",6.0,309,1
2022/2/14,1563,"['可燃冰', '板块', '盘子', '都', '很小', '难道', '主力', '都', '穷']",7.0,277,1
2022/2/14,1564,['马马虎虎'],-5.0,422,-1
2022/2/14,1567,"['中海油', '服', '2', '月', '14', '日', '快速', '上涨']",6.0,384,1
2022/2/11,1577,"['来个', '公告', '助长', '一下']",-5.0,322,-1
2022/2/11,1579,"['众人拾柴火焰高', '[', '微笑', ']']",5.0,299,1
2022/2/10,1587,"['下跌', '趋势', '线', ' ', '不是', '那么', '容易', '突破', '的']",5.5,487,1
2022/2/9,1597,"['竞价', '走', '了', '，', '感谢', '主力', '今天', '让', '我', '红', '着', '出去']",10.0,505,1
2022/2/8,1603,"['上午', '挣', '包烟', '钱', '走', '了', '，', '想不到', '弄个', '马后炮']",-5.0,306,-1
2022/2/7,1616,"['虎虎生威', '，', '羊入虎口', '，', '触发', '三阳开泰', '之', '大局', '。']",7.0,289,1
2022/2/7,1619,"['虎年', '大吉', '，', '一起', '向', '未来']",5.0,689,1
2022/2/7,1621,"['今天', '炸板', '的', '可', '真多', '，', '上方', '有压力', '未过', '，', '封板', '也', '不', '坚决', '，', '诱']",-5.0,488,-1
2022/2/7,1625,"['加油', '支持', '！', '一人', '一首', '封住']",6.0,357,1
2022/2/7,1640,"['中海油', '服', '2', '月', '7', '日', '快速', '上涨']",6.0,346,1
2022/2/4,1645,"['$', '中海油', '服', '(', 'SH601808', ')', '$', '#', '撞', '头彩', '！', '猜', '虎年', '开盘', '点数', '赢', '精美']",5.0,578,1
2022/1/28,1654,"['$', '中海油', '服', '(', 'SH601808', ')', '$', '抛弃', '幻想', '回家', '过年']",-6.0,459,-1
2022/1/28,1655,"['$', '中海油', '服', '(', 'SH601808', ')', '$', '抛弃', '幻想', '回家', '过年']",-6.0,484,-1
2022/1/28,1656,"['$', '中海油', '服', '(', 'SH601808', ')', '$', '抛弃', '幻想', '回家', '过年']",-6.0,302,-1
2022/1/26,1664,"['$', '中海油', '服', '(', 'SH601808', ')', '$', '业绩', '不行', '反而', '涨', '，', '真是', '逆', '人性']",-6.0,503,-1
2022/1/26,1665,"['哎', '，', '主力', '对', '我', '这么', '好', '，', '我', '却', '不', '珍惜', '，', '贪', '了', '几分', '钱', '！', '我错', '了']",6.0,714,1
2022/1/26,1669,"['$', '中海油', '服', '(', 'SH601808', ')', '$', '老', '主力', '自救', '行情', '。']",21.0,428,1
2022/1/26,1679,"['中海油', '服', '，', '2022', '年', '虎妞', '~', 'qiang', 'ding', '~']",10.0,403,1
2022/1/26,1681,"['星期一', '地狱', '到', '天堂', '，', '星期二', '直接', '地狱', '，', '星期三', '又', '到', '天堂', '，']",8.0,410,1
2022/1/26,1685,"['明天', '能', '不能', '吃块', '大肉', '，', '已经', '买为', '重仓', '了', '！', '主力', '大哥', '发个', '过']",-7.0,594,-1
2022/1/25,1695,"['$', '中海油', '服', '(', 'SH601808', ')', '$', '好', '优秀']",10.0,389,1
2022/1/25,1702,"['还是', '港股', '规矩', '，', '谁', '在', '买卖', '一清二楚']",5.0,500,1
2022/1/24,1712,"['四季度', '净利润', '8.5', '亿左右', '，', '已经', '恢复', '了', '强劲', '增长', '。', '油价', '没']",9.0,927,1
2022/1/24,1726,"['这', '里面', '好多', '号', '都', '是', '托', '啊', '，', '麻烦', '你们', '用', '点心', '，', '雪球', '发过', '一遍']",-7.0,325,-1
2022/1/24,1727,"['骗人', '筹码', '，', '不咋地', '啊']",-9.0,299,-1
2022/1/24,1733,"['看', '中央台', '电视', '采访', '中海油', '董事长', '业绩', '非常', '靓丽', '[', '赞', ']']",9.0,348,1
2022/1/24,1734,"['股性', '活跃']",5.0,276,1
2022/1/24,1735,"['看', '中央台', '电视', '采访', '中海油', '董事长', '业绩', '非常', '靓丽', '[', '赞', ']']",9.0,298,1
2022/1/24,1739,"['真TM', '垃圾']",-6.0,280,-1
2022/1/24,1746,"['21', '年', '业绩', '预减', '公告', '点评', '：', '资产', '减值', '拖累', '业绩', '，']",-6.0,4520,-1
2022/1/23,1748,"['光大', '证券', '维持', '中海油', '服', '买入', '评级', ' ', '预计', '2021', '年']",6.0,486,1
2022/1/22,1757,"['原来', '周五', '下跌', '是', '提前', '释放', '利空', '，', '资金', '先知先觉']",6.0,408,1
2022/1/21,1758,"['中', '远海', '能', '，', '计提', '50', '亿', '被', '上交所', '火速', '问询']",5.0,335,1
2022/1/20,1791,"['中', '石油', '爆雷会', '不会', '连累', '小弟', '中海油', '[', '囧', ']']",5.0,540,1
2022/1/19,1798,"['全部', '清仓', '落袋为安', '持币', '为', '王', '安安心心', '踏踏实实', '轻轻松松', '空']",6.0,306,1
2022/1/18,1804,"['中', '石油', '都', '拉', '了', '哦', '，', '啥', '啊', '，', '主力']",7.0,301,1
2022/1/18,1805,"['早盘', '主力', '试盘', '冲击', '16', '元', '，', '发现', '带', '不动', '你们', '，', '没得', '法子', '，', '只']",6.0,471,1
2022/1/16,1818,"['这个', '股', '吧', '气氛', '不是', '很', '热闹', '，', '说明', '散户', '少', '，', '也', '是', '利好', '。', '不像']",-5.0,471,-1
2022/1/13,1832,"['$', '中海油', '服', '(', 'SH601808', ')', '$', 'K', '线图', '挺好', '，', '但', '碰上', '蠢猪', '般的', '主力']",7.0,412,1
2022/1/12,1845,"['油价', '居高不下', '，', '国内', '增储', '上产', '七年', '行动计划', '紧锣密鼓', '推进']",6.0,704,1
2022/1/11,1856,"['那个', '脸', '被', '打', '的', '啪啪', '响', '的', '大师', '呢', '？', '只要', '有', '招摇撞骗', '的', '大师', '出']",7.0,540,1
2022/1/10,1870,"['主力', '做', '了', '一个', '假', '的', '老鸭', '头', '[', '大笑', ']', '套', '了', '不少', '人', '吧', '。', '现在', '很少']",7.0,396,1
2022/1/10,1872,"['上周五', '试盘', '，', '小散', '不给力', '，', '不洗', '不行']",-8.0,396,-1
2022/1/8,1876,"['石油', '石化', '行业', '持股', '市值', '环比', '增长', '2.17%', '，', '行业', '排名', '第八', '（', '1']",7.0,1402,1
2022/1/5,1898,"['稳稳', '的', '幸福']",7.0,629,1
2021/12/30,1917,"['为什么', '没量', '啊', '，', '好', '死气沉沉', '的', '啊']",-10.0,639,-1
2021/12/30,1921,"['这是', '这个', '标准', '的', '上吊', '线']",-7.0,642,-1
2021/12/30,1922,['无量'],7.0,440,1
2021/12/28,1941,['众人拾柴火焰高'],5.0,245,1
2021/12/28,1945,"['周线', '有', '突破', '迹象', '…', '…', '[', '财神', ']', '[', '偷笑', ']']",7.0,473,1
2021/12/27,1950,"['30', '分钟', '高点', '背离', '，', '要', '调整', '了', '？']",-7.0,597,-1
2021/12/24,1961,"['卧槽', '，', '要', '突破', '了', '吗', '？', '昨日', '出', '了', '。', '[', '捂脸', ']']",7.0,596,1
2021/12/23,1966,"['这狗庄', '天天', '洗', '，', '就是', '浪费', '行情', '，', '耗时间', '！']",-7.0,499,-1
2021/12/23,1968,"['做', '低', '吸', '的', '时候', '必须', '注意', '5', '大', '原则', '：']",7.0,689,1
2021/12/17,1977,"['石油', '石化', '行业', '持股', '市值', '环比', '增长', '2.12%', '，', '行业', '排名', '第八', '（', '1']",7.0,929,1
2021/12/27,1980,"['中海油', '服', '明年', '作业量', '饱满', '，', '修井', '钻井', '服务', '合同', '满约', '！', '增产']",12.0,317,1
2021/12/26,1983,"['中海油', '服', '12', '月', '20', '日', '快速', '反弹']",6.0,768,1
2021/12/22,1994,"['内部', '员工', '告诉', '你', '，', '马上', '爆发']",-7.0,589,-1
2021/12/21,2000,"['看看', '岳阳', '兴长', '和', '仁智油服', '，', '你', '这个', '老大', '当', '的', '也', '是', '窝囊', '！', '可']",-14.0,316,-1
2021/12/16,2012,"['居然', '是', '惊喜', '，', '明天', '不要', '惊吓', '就', '好', '。']",6.0,420,1
2021/12/13,2036,"['同志', '们', '，', '今天', '虽然', '涨', '了', '屁点', '，', '但是', '大家', '要', '有', '耐心', '，', '15', '块', '不']",6.0,787,1
2021/12/10,2042,"['俗话', '，', '油头滑脑', '！', '油都化', '了', '！', '！']",-5.0,244,-1
2021/12/9,2054,"['萎靡不振', '真', '没劲']",-8.0,410,-1
2021/12/8,2057,"['今天', '把', '盈利', '的', '票', '清', '干净', '了', '，', '并且', '建仓', '中海油', '服', '，', '原油', '反弹']",7.0,680,1
2021/12/8,2060,"['压力', '这么', '难', '穿', '吗', '？', '逼到', '回大', 'A', '接近', '才', '爆发', '？']",-8.0,494,-1
2021/3/1,2146,"['深入', '挖掘', '，', '中铁', '装配', '非常', '不错', ',', '涨个', '几倍', '问题', '不大']",9.0,625,1
2021/11/25,2153,"['十五年', '的', '绿毛', '乌龟', '，', '央企中', '的', '垃圾', '！']",-8.0,362,-1
2021/11/25,2154,"['要', '起来', '了', '[', '大笑', ']', '昨天', '进场', '的', '，', '坐等', '六个', '点', '。']",7.0,503,1
2021/11/23,2176,"['这', '换手率', '和', '交易量', '，', '真', '绝了']",5.0,328,1
2021/11/22,2186,"['油服', '的', '主力', '就', '看', '你', '何时', '上', '20', '日线', '我', '等', '你', '牛', '在']",7.0,313,1
2021/11/22,2187,"['仓底', '打', '起来', '。']",7.0,409,1
2021/11/19,2197,"['这股', '随时', '买', '都', '是', '对', '的', '！', '切记', '犹豫不决', '！']",-5.0,313,-1
2021/11/18,2203,"['来来来', '，', '闲着没事', '儿', '大伙儿', '说', '说', '，', '明儿', '继续', '跌', '还是', '拉', '起来']",6.0,608,1
2021/11/18,2223,"['这股', '随时', '买', '都', '是', '对', '的', '！', '切记', '犹豫不决', '！']",-5.0,401,-1
2021/11/17,2228,"['耐心', '等待', '14', '元', '买入', '，', '庄家', '非得', '磨', '的', '秃噜', '皮', '，', '才', '会', '拉', '起来']",11.0,514,1
2021/11/17,2233,"['买不到', '最低', '，', '卖', '不到', '最高', '，', '33', '入手', '[', '强壮', ']']",8.0,280,1
2021/11/17,2234,"['就', '这点', '量', '能', '砸', '到', '14', '吗', '，', '主力', '要', '加油', '放量', '才', '有', '恐慌', '盘']",8.0,479,1
2021/11/16,2238,"['中海油', '服', '：', '公司', '目前', '开展', '海上', '风电', '安装', '和', '维护', '支持', '平台', '服']",12.0,889,1
2021/11/16,2243,"['这', '段时间', '油服', '比', '其他', '同', '板块', '个股', '强', '很多', '，', '主力', '持续', '流入', '，']",21.0,582,1
2021/11/12,2256,"['新能源', '重大突破', '海上', '平台', '改', '风电', '。', '大', '智慧', '中海油', '服', '新闻']",7.0,383,1
2021/11/12,2257,"['扶不起', '来', '的', '阿斗']",-7.0,254,-1
2021/11/12,2258,"['到', '点', '了', '，', '拉', '起来']",7.0,267,1
2021/11/10,2271,"['今天', '外面', '一片', '腥风血雨', '啊', '，', '中海油', '服', '老大哥', '还是', '最', '稳重', '的']",8.0,609,1
2021/11/10,2273,"['大阳线', '呼之欲出', '！', '满上', '！']",7.0,354,1
2021/11/8,2291,"['三桶', '油倍量', '加大', '风光', '储电氢', '投入', '，', '到', '2050', '年', '零排放', '。', '全面']",7.0,611,1
2021/11/7,2295,"['中海油', '服', '与', '海油', '工程', '等', '海上', '风电', '进展', '如火如荼']",10.0,620,1
2021/11/5,2305,"['该死', '的', '中海油', '服', '不', '按', '常理', '出牌', '，', '真是', '醉', '了']",-7.0,503,-1
2021/11/3,2322,"['原油', '大跌', '，', '天然气', '大涨', '，', '这下', '热闹', '了', '！', '主力', '怎么', '走', '呢', '？']",12.0,283,1
2021/11/3,2330,"['Q3', '盈利', '边际', '好转', '，', '高油价', '助力', '景气', '复苏']",6.0,1392,1
2021/11/2,2334,"['下周', '有', '上涨', '空间', '，', '可以', '适当', '买点儿']",6.0,453,1
2021/11/2,2336,"['这才', '是', '真正', '的', '白马股', '，', '好股票', '啊', '。', '。', '。', '[', '赞', ']', '[']",6.0,582,1
2021/10/28,2365,"['立贴', '为证', '：', '业绩', '拐点', '已现', '，', '年底', '前', '突破', '21', '元', '！']",7.0,524,1
2021/10/28,2374,"['刚刚', '播出', '1', '-', '9', '月', '国企', '增长', '9%', '（', '其中', '包括', '石油', '企']",7.0,403,1
2021/10/28,2402,['大爷'],-5.0,196,-1
2021/10/27,2410,"['15', '元', '以及', '以下', '放心', '低吸', '，', '最多', '跌到', '14.5', '附近']",8.0,515,1
2021/10/26,2419,"['自导自演', '，', '上窜下跳', '—', '—', '演技', '太差']",-6.0,366,-1
2021/10/22,2447,"['短线', '估值', '受累', '税款', '补交', '，', '长期', '增长', '确定']",7.0,1649,1
2021/10/22,2449,"['这波', '跌到', '12', '最好', '了', '。']",9.0,390,1
2021/10/20,2480,"['太', '恶心', '了']",-10.0,303,-1
2021/10/20,2482,"['今天', '缩量', '跌', '这么', '多', '，', '给你个', '面子', '，', '先进', '一点', '货']",14.0,251,1
2021/10/20,2486,"['跟个', '死', '苍蝇', '一样', '恶心']",-8.0,240,-1
2021/10/20,2492,"['中海油', '服', '10', '月', '20', '日', '快速', '反弹']",6.0,308,1
2021/10/19,2501,"['量化', '狗', '是', '真的', '恶心']",-5.0,329,-1
2021/10/19,2502,"['油气', '股', '个个', '暴涨', '但', '，', '和顺', '石油', '上市', '后', '连续', '20', '天', '股价', '低于', '发']",6.0,368,1
2021/10/19,2510,"['中海油', '服', '10', '月', '19', '日', '快速', '反弹']",6.0,274,1
2021/10/18,2516,"['东财', '把', '原来', '的', '石油', '行业', '板块', '拆', '分为', ':', '石油', '行业', '，', '采掘', '行业']",5.0,606,1
2021/10/18,2520,"['今天', '放量', '站上', '20', '日线', '主力', '控盘', '很稳']",7.0,216,1
2021/10/18,2521,"['看月线', '这', '一波', '要', '过', '21.12', '的', '前', '高才', '对']",15.0,235,1
2021/10/22,2529,"['业绩', '增速', '环比', '微降', '，', '未来', '爆发', '看', '政治']",-6.0,1665,-1
2021/10/22,2532,"['新', '装备', '投入', '服务', '，', '开始', '新一轮', '增长']",7.0,1845,1
2021/10/22,2533,"['行业', '景气', '突出', '，', '再迎', '利润', '快速增长', '机遇']",6.0,1851,1
2021/10/18,2538,"['一鼓作气', '，', '站上', '20', '均线', '[', '加油', ']']",6.0,229,1
2021/10/17,2541,"['诱多', '，', '下周一', '暴跌', '，', '无量', '上涨', '都', '是', '坑']",7.0,283,1
2021/10/15,2554,"['小单', '无量', '上涨', '都', '是', '耍流氓', '，', '现在', '15.75', '提示', '可']",8.0,353,1
2021/10/15,2557,"['金针', '探底', '的', '节奏', '啊', '主力', '也', '是', '无奈', '，', '洗', '了', '两天', '半']",12.0,486,1
2021/10/15,2560,"['油服', '和', '油价', '相关', '，', '普京', '发话', '国际', '油价', '会', '突破', '10']",7.0,309,1
2021/10/15,2561,"['恭喜', '主力', '成功', '把', '散户', '忽悠', '接盘', '！', '融资', '客', '与', '外资']",10.0,321,1
2021/10/15,2568,"['不要', '被', '15.2', '小托单', '忽悠', '住', '了', '，', '还有', '5%', '以上', '可跌']",5.0,230,1
2021/10/15,2573,"['15.18', '我放', '主力', '，', '迅速', '向', '15.24', '集结', '，', '就', '地', '修筑']",7.0,357,1
2021/10/14,2579,"['翻红', '吧', '，', '求求', '主力', '了', '[', '旺柴', ']']",8.0,287,1
2021/10/14,2581,"['向', '15.18', '线', '敌方', '阵地', '推进', '了', '5', '公里', '[', '大笑', ']']",7.0,147,1
2021/10/14,2585,"['全是', '散户', '在', '买', '，', '我靠', '[', '大笑', ']']",-5.0,200,-1
2021/10/14,2586,"['全是', '散户', '在', '买', '，', '我靠', '[', '怒', ']']",-5.0,179,-1
2021/10/14,2587,"['神仙', '打架']",6.0,264,1
2021/10/14,2588,"['就', '看', '今天', '主力', '能过', '14.6', '，', '能过', '才', '是', '上涨', '的', '开始']",8.0,252,1
2021/10/13,2597,"['要', '先', '把', '和顺', '石油', '拉', '涨停', '，', '才能', '把', '中海油', '服', '救起']",11.0,268,1
2021/10/13,2604,"['锁不住', '跌停', '=', '虚张声势']",-6.0,355,-1
2021/10/13,2620,"['外围', '形式', '一片', '大好', '，', '这股', '跌成', '狗', '，', '也', '是', '神奇', '了']",7.0,251,1
2021/10/13,2621,"['一鼓作气', '，', '冲上', '二十', '，', '而后', '再', '调整', '。', '蓄力', '后', '再', '冲', '二十八', '元']",5.0,369,1
2021/10/13,2629,['漂亮'],6.0,218,1
2021/10/12,2655,"['中海油', '服', '10', '月', '12', '日', '快速', '反弹']",6.0,272,1
2021/10/11,2689,"['中海油', '服', '10', '月', '11', '日', '快速', '上涨']",6.0,3361,1
2021/10/11,2690,"['中海油', '服', '10', '月', '11', '日', '快速', '反弹']",6.0,343,1
2021/10/11,2695,"['短期', '顶了', '吧', '？', '这', 'k', '线', '。']",7.0,315,1
2021/10/8,2709,"['尾盘', '偷袭', '[', '大笑', ']', '[', '大笑', ']']",-7.0,331,-1
2021/10/8,2710,"['中海油', '服', '10', '月', '8', '日', '快速', '上涨']",6.0,353,1
2021/10/8,2712,"['油', '从', '哪里', '来', '？', '？', '自给自足', '不', '可能', '靠', '陆地', '了', '，', '新增', '必须', '海油']",7.0,277,1
2021/10/8,2713,"['今晚', '步油', '突破', '80']",7.0,239,1
2021/10/5,2731,"['看来', '节前', '买', '你', '是', '对', '的', '[', '得意', ']']",5.0,408,1
2021/10/2,2737,"['上午', '刚', '建仓', '，', '下午', '就', '有', '垦利', '油田', '大', '发现', '消息', '。', '幸福', '来得', '太']",8.0,659,1
2021/9/30,2750,"['前面', '是', '个', '大', '的', '黄金', '坑', '，', '价格', '是', '11.86', '、', '国庆', '后', '价格', '至少', '要']",5.0,644,1
2021/9/30,2752,"['联合国', '公开', '信息', '显示', '，', '深海', '海床', '金属', '矿物', '种类', '十分', '丰富', '，']",16.0,555,1
2021/9/29,2757,"['下', '一波会', '调整', '比较', '大', '，', '朋友', '们', '留意']",9.0,263,1
2021/9/29,2765,"['又', '满仓', '进来', '了', '，', '，', '主力', '再涨', '一波', '好不好', '，', '让', '我', '赚点', '买', '漂亮']",15.0,442,1
2021/9/29,2779,"['各位', '，', '已经', '跌', '这么', '多', '了', '没', '必要', '割肉', '，', '石油', '行情', '还', '没', '结束', '，']",-11.0,263,-1
2021/9/29,2780,"['龙', '回头', '…', '…', '满仓', '干', '…', '…', '清洗', '而已', '…']",5.0,129,1
2021/9/29,2782,"['逆子', '你', '来看']",-7.0,177,-1
2021/9/28,2798,"['中海油', '服有', '3', '个', '利好', ':', '中海油', '回归', 'A股', '，', '油价', '稳步', '上升', '，', '另']",8.0,985,1
2021/9/28,2803,"['这个', '货有', '补张', '意愿', '的', '吧', '，', '别人', '家', '都', '是', '底部', '起来', '翻', '几倍', '了', '。']",7.0,244,1
2021/9/28,2804,"['尾盘', '偷袭', '，', '有话', '说', '尾盘', '拉升', '，', '非奸', '即', '盗', '。', '看', '后面', '怎么', '走', '，']",-6.0,346,-1
2021/9/28,2818,"['乖乖', '，', '居然', '要', '涨停', '了', '！']",5.0,155,1
2021/9/28,2821,"['天', '注定', '345678', '只', '剩下', '嘴硬', '，', '忽悠', '人', '的', '黑心', '鬼']",-17.0,125,-1
2021/9/28,2832,"['中海油', '服', '9', '月', '28', '日', '快速', '上涨']",6.0,233,1
2021/9/27,2844,"['中海油', '服', '9', '月', '27', '日', '快速', '上涨']",6.0,253,1
2021/9/27,2845,"['中海油', '服', '9', '月', '27', '日', '快速', '反弹']",6.0,239,1
2021/9/26,2848,"['中海油', '冲刺', 'A股', '，', '利好', '中海油', '服', '[', '胜利', ']', '[', '胜利', ']', '[', '胜利', ']', '[', '胜利']",5.0,652,1
2021/9/24,2861,['无能'],-5.0,186,-1
2021/9/24,2872,"['中海油', '服', '9', '月', '24', '日', '快速', '上涨']",6.0,316,1
2021/9/24,2876,"['不服', '不行', '！']",-8.0,204,-1
2021/9/23,2882,"['主力', '又', '在', '洗盘']",7.0,391,1
2021/9/17,2902,"['这个', '股', '真的', '绝了', '[', '微笑', ']']",5.0,308,1
2021/9/16,2910,"['看看', '石油', '板块', '，', '我', '觉得', '你', '是', '最', '稳健', '的', '大哥', '[', '赞', ']', '[', '赞', ']']",15.0,418,1
2021/9/16,2919,"['大单', '压盘', '真猛', '啊', '，', 'NND']",-5.0,298,-1
2021/9/15,2939,"['不行', '太弱', '了', '！', '嗯', '嗯']",-8.0,351,-1
2021/9/15,2941,"['站', '在', '山顶', '好', '凉快', '啊', '，', '朋友', '们', '什么', '时候', '进攻', '呢', '，', '又', '冷', '又', '饿', '坑']",15.0,420,1
2021/9/15,2943,"['中海油', '服', '9', '月', '15', '日', '快速', '反弹']",6.0,278,1
2021/9/14,2948,"['明天', '适时', '建', '一个', '头部', '仓位']",5.0,238,1
2021/9/14,2954,"['继续', '闷', '杀', '，', '干得', '漂亮', '啊']",5.0,271,1
2021/9/14,2958,"['去', '你', '大爷', '的', '213']",-5.0,243,-1
2021/9/14,2960,"['主力', '吃', '什么', '长大', '的', '，', '还', '能', '做人', '不']",7.0,446,1
2021/9/14,2962,"['毫无', '支撑', '啊', '，', '太', '差劲', '了', '。']",-11.0,252,-1
2021/9/14,2969,"['中海油', '服', '9', '月', '14', '日', '快速', '上涨']",6.0,288,1
2021/9/13,2981,"['从', '15', '年', '到', '现在', '这个', '票', '其实', '没', '咋', '正经', '的', '好好', '涨过', '，', '这个', '票基']",-7.0,792,-1
2021/9/12,2982,"['中国', '首个', '自营', '超', '深水', '大气', '田', '，', '深海', '一号', '大气', '田', '全面', '投产', '，']",15.0,586,1
2021/9/12,2984,"['南海', '深海', '一号', '天然气', '大气', '田', '全面', '投产', '！', '！', '！']",5.0,423,1
2021/9/10,3000,"['指数', '要', '想', '突破', '前期', '高点', '，', '必须', '在', '这里', '进行', '板块', '切换', '，', '早上']",14.0,248,1
2021/9/10,3001,"['指数', '要', '想', '突破', '前期', '高点', '，', '必须', '在', '这里', '进行', '板块', '切换', '，', '早上']",14.0,317,1
2021/9/10,3002,"['板块', '大跌', '，', '这', '货硬', '是', '在', '15.22', '的', '位置', '强行', '撑', '了', '那么', '久', '？']",-6.0,283,-1
2021/9/9,3044,"['你好', '！', '目前', '碳', '中和', '火热', '进行', '中', '，', '绿色', '能源', '天然气', '也', '是', '重中']",5.0,832,1
2021/9/9,3047,"['无量', '上涨', '，', '没求', '用', '，', '换手', '太低', '了', '，', '不安全']",7.0,458,1
2021/9/9,3053,"['自营', '深海', '气田', '，', '基本面', '已非', '往日', '，', '脱胎换骨', '，', '占', '尽', '天时', '地']",7.0,261,1
2021/9/9,3061,"['量', '太大', '了', '不行', '了', '。', '散户', '为', '爱', '冲冲', '冲了']",-7.0,251,-1
2021/9/9,3066,"['中海油', '服', '9', '月', '9', '日', '快速', '上涨']",6.0,303,1
2021/9/9,3067,"['中海油', '明年', '业绩', '有望', '突破', '净利润', '1', '佰', '亿', '，', '后年', '还会番', '3', '倍', '，']",8.0,519,1
2021/9/8,3073,"['今天', '主力', '休息']",7.0,228,1
2021/9/7,3103,"['来', '为', '我', '的', '中海油', '服助', '助威', '[', '牛', ']', '[', '牛', ']', '[', '看多', ']', '[', '看多', ']']",9.0,266,1
2021/9/6,3110,"['收在', '要死', '二死', '！', '真是', '晦气', '！']",-9.0,218,-1
2021/9/2,3140,"['主力', '出来', '压盘', '了', '吗', '？', '现在', '已经', '过', '了', '震荡', '压盘', '的', '时候', '吧', '，', '马']",7.0,555,1
2021/9/2,3146,"['空狗', '天天', '叫', '，', '继续', '叫', '，', '别喊', '坏了', '喉咙', '，', '哈哈', '。']",6.0,373,1
2021/9/1,3161,"['主力', '挂', '2', '千', '压单', '，', '然后', '自个', '喝茶', '逛', '超市', '去', '了', '。']",6.0,314,1
2021/9/1,3162,"['非', '搞', '绿', '了', '不行', '，', '格局']",7.0,290,1
2021/8/31,3183,"['突破', '在', '即', '，', '买买', '买', '。']",7.0,527,1
2021/8/31,3186,"['希望', '今天', '站稳', '13.7', '的', '同时', '不', '要涨', '太多', '，', '最好', '刚']",8.0,448,1
2021/8/31,3190,"['所有', '的', '烦恼', '说', 'byebye', '，', '所有', '的', '快乐', '说', 'hihi', '说', 'hi']",5.0,355,1
2021/8/31,3193,"['海油', '三', '傻', '里面', '盈利', '最差', '，', '股价', '最高的', '。', '[', '大笑', ']']",-8.0,316,-1
2021/8/31,3195,"['中海油', '服', '8', '月', '31', '日', '快速', '上涨']",6.0,665,1
2021/8/30,3203,"['这才', '是', '真正', '的', '双碳', '！', '直接', '涨停', '！']",6.0,747,1
2021/8/28,3212,"['中海油', '资本', '开支', '提速', '落实', '，', '盈利', '有望', '触底', '反弹']",5.0,2176,1
2021/8/27,3220,"['喜欢', '看到', '拉升', '，', '但', '拉', '尾盘', '绝对', '不是', '好', '兆头', '呀', '？']",6.0,305,1
2021/8/26,3231,"['光大', '证券', '维持', '中海油', '服', '买入', '评级', ' ', '预计', '2021', '年']",6.0,831,1
2021/8/26,3233,"['业绩', '不及', '预期', '，', '明天', '5', '个点', '，', '12.35', '见']",-5.0,466,-1
2021/8/26,3242,"['我', '怀疑', '我', '被', '主力', '监控', '了']",7.0,401,1
2021/8/26,3243,"['利空', '出尽', '，', '港股', '率先', '起来', '，', '看', '主力', '了']",18.0,482,1
2021/8/25,3279,"['好', '起来', '了', '[', '哭', ']', '[', '哭', ']']",14.0,379,1
2021/8/25,3281,"['不如', '海油', '工程']",5.0,394,1
2021/8/24,3287,"['我油', '如果', '能够', '有效', '突破', '12.8', '的', '压力', '位', '并', '站稳', '，', '近期', '就', '有机']",11.0,598,1
2021/8/24,3289,"['难道', '还要', '等', '个', '十年', '八年', '才能', '回本']",5.0,896,1
2021/8/24,3293,"['石油', '股', '风险', '太大', '了', '，', '抄底', '的', '全军覆没', '，', '看', '这', '抛售', '力度', '后边']",-10.0,3661,-1
2021/8/20,3322,"['一点', '反弹', '都', '没有', '。', '无语', '了']",5.5,400,1
2021/8/20,3335,"['原油', '暴跌', '，', '自求多福', '吧']",5.0,480,1
2021/8/19,3343,"['太', '恶心', '了', '，', '这样', '干脆', '重组', '吧']",-7.0,342,-1
2021/8/12,3374,"['不涨', '了', '？', '掉', '，', '快掉', '！', '掉', '到', '10', '元老', '哥', '再补', '50', '手', '。', 'Comeon', '，', 'ba']",7.0,449,1
2021/8/12,3379,"['趋势', '追击']",7.0,449,1
2021/8/11,3380,"['没人', '了', '。', '好事']",-5.0,407,-1
2021/8/11,3382,"['它', '大爷', '的', '今天', '没', '接回来']",-5.0,396,-1
2021/8/10,3397,"['深度', '报告', '：', '景气', '复苏', '，', '政策', '加码', '，', '龙头', '崛起']",6.0,4380,1
2021/8/9,3404,"['垃圾', '是', '硬', '不', '起来', '的', '。']",-8.0,457,-1
2021/8/9,3408,"['黄金', '坑', '已', '基本', '成型']",6.0,526,1
2021/8/8,3410,"['西藏', '矿业', '和', '中海油', '服都', '是', '朋友', '介绍', '，', '我留', '着', '观']",9.0,1177,1
2021/8/6,3423,"['为何', '你', '如此', '厚颜', '无止']",-5.0,457,-1
2021/8/6,3429,"['随着', '这波', '疫情', '的', '增长', '，', '原油', '很', '有', '可能', '再次', '穿仓']",7.0,634,1
2021/8/5,3434,"['人生', '天堂', '定', '345678', '今天', '又', '出来', '吠', '了', '，', '给', '大家', '造']",9.0,623,1
2021/8/4,3439,"['这', 'sb', '天天', '跌能', '连着', '跌', '一年']",-6.0,594,-1
2021/8/3,3458,"['主力', '拉一拉', '啊', '，', '不拉', '都', '没人', '知道', '这个', '股', '[', '囧', ']', '[']",7.0,524,1
2021/8/2,3469,"['补仓', '土豪', '们', '！', '！', '！', '[', '微笑', ']', '[', '微笑', ']', '[', '微笑', ']']",-5.0,655,-1
2021/8/2,3470,"['买', '这股', '就', '周末', '最', '开心']",15.0,483,1
2021/8/1,3481,"['中海油', '服', '，', '海油', '发展', '，', '石化', '油服', '，', '哪个', '风险', '低', '，', '上升', '潜力']",7.0,730,1
2021/7/31,3484,"['油期', '估计', '是', '要', '走', '双', '顶了', '又', '要', '跟', '跌', '了', '惨烈']",6.0,739,1
2021/7/30,3487,"['一季度', '亏损', '，', '二季度', '看', '这', '样子', '也好', '不到', '哪里', '去', '，', '否则', '主力']",6.0,532,1
2021/7/30,3492,"['中', '字头', '的', '股', '都', '不要买', '，', '不', '吉利']",-8.0,528,-1
2021/7/30,3504,"['成交量', '都', '没了', '自己', '玩吧', '，', '不够', '丢人', '的']",-12.0,481,-1
2021/7/29,3512,"['真牛', '！', '大盘', '跟', '你', '没关系', '。', '塔码', '的']",6.0,381,1
2021/7/27,3539,"['主力', '每天', '做', 'T', '就', '把', '散户', '玩死', '了', '。']",7.0,346,1
2021/7/27,3544,"['这个', '主力', '是', '弱', '鸡', '，', '割', '韮', '菜', '习惯', '了', '，', '杀猪', '也', '要', '把', '猪', '养肥', '吧', '，']",7.0,423,1
2021/7/24,3562,"['.', '这票', '是', '一个', '融券', '优良', '标底']",5.0,482,1
2021/7/23,3574,"['相信', '关注', '天', '注定', '的', '朋友', '，', '都', '在', '心里', '窃喜', '，', '但', '我', '要', '告诉', '你们']",16.0,665,1
2021/7/23,3582,"['可能', '是', '公司', '名字', '不好', '，', '油', '不服', '！', '多', '霸气']",-8.0,382,-1
2021/7/23,3589,"['不能', '硬气', '一会']",-5.0,326,-1
2021/7/23,3590,"['这跌', '的', '太', '不要脸', '了']",-14.0,409,-1
2021/7/23,3596,"['主力', '又', '玩', '套路', '，', '生', '儿子', '没', 'PY']",7.0,529,1
2021/7/22,3605,"['好', '一个', '实力', '证明', '不要脸', '？']",-5.0,481,-1
2021/7/22,3616,"['不会', '跌跌', '放心', '吧', '。', '13', '元', '收盘']",-7.0,452,-1
2021/7/21,3625,"['中国', '风电', '走向', '深远', '海']",5.0,354,1
2021/7/21,3629,"['这股', '主力', '手法', '太迷', '了']",7.0,393,1
2021/7/21,3630,"['主力', '压着', '不让', '涨']",8.0,381,1
2021/7/20,3642,"['搞不懂', '尾盘', '为何', '会', '拉升', '起来', '？', '谁', '说', '说', '。', '难道', '是', '抢筹', '？', '明天']",8.0,499,1
2021/7/20,3643,"['高手', '赐教', '，', '今年', '这个', '股', '还有', '机会', '么', '？']",10.0,447,1
2021/7/20,3649,"['我', '幸亏', '走', '了', '！', '这个', '主力', '是', '筹码', '没有', '吃够', '！', '别', '进去', '抢', '！', '你耗']",8.0,475,1
2021/7/20,3651,"['我', '幸亏', '走', '了', '！', '这个', '主力', '是', '筹码', '没有', '吃够', '！', '别', '进去', '抢', '！', '你耗']",8.0,359,1
2021/7/20,3658,"['原来', '预计', '月底', '到', '十二元', '区间', '，', '主力', '提前', '做到', '了', '。', '傻', '缺们', '还']",11.0,512,1
2021/7/20,3661,"['哈哈', '，', '套', '了', '不少', '韭菜', '呀']",7.0,441,1
2021/7/20,3674,"['这个', '主力', '就是', '喜欢', '跳空', '直上直下', '，']",11.0,402,1
2021/7/20,3690,"['油服', '跌', '了', '，', '马上', '一堆', '牛鬼蛇神', '马后炮', '出来', '事后诸葛亮', '出来']",-13.0,516,-1
2021/7/19,3702,"['我', '有眼无珠', '，', '买', '了', '此垃']",-7.0,289,-1
2021/7/19,3712,"['想', 'S', '的', '人', '你', '劝', '他', '也', '没用', '…', '…']",-5.0,596,-1
2021/7/17,3728,"['我', '21', '的', '本', '，', '啥时候', '能', '解放', '啊']",7.0,482,1
2021/7/16,3739,"['别去', '补仓', '！', '卧倒', '！', '让', '主力', '自己', '玩', '！']",7.0,366,1
2021/7/16,3742,"['这个', '股', '缺德', '要命', '！', '千万别', '来', '！', '没有', '最低', '只有', '更', '低', '！']",-7.0,342,-1
2021/7/16,3750,"['犬生天', '注定', '345678', '又', '出来', '蹦', '了', '，', '吠', '开心', '点', '，', '机会', '不多', '了']",6.0,383,1
2021/7/15,3756,"['这个', '主力', '最', '恶心', '人', '！', '明天', '开盘', '低开', '！', '每天', '打压', '下来', '的', '筹码']",-10.0,265,-1
2021/7/15,3758,"['赛道', '不行', '害死', '股民', '，', '虽有', '好', '业绩', '但是', '夕阳', '产业', '没人', '看好']",-7.0,253,-1
2021/7/15,3767,"['今天', '看着', '便宜', '不', '？', '？', '？', '明天', '后天', '大后天', '更', '便宜', '[', '俏皮', ']', '[', '俏']",5.5,453,1
2021/7/15,3773,"['对于', '多头', '来讲', '今天', '又', '是', '加仓', '的', '良机', '，', '这', '几天', '子弹', '打尽', '的', '，']",5.0,886,1
2021/7/14,3777,"['补仓', '啊', '，', '土豪', '随意']",-5.0,581,-1
2021/7/14,3780,"['任凭', '主力', '怎样', '折腾', '我', '自', '闲庭信步', '，', '但是', '休想', '拿走', '我', '那', '筹码']",7.0,322,1
2021/7/13,3790,"['这', '鸟股', '，', '大', '股东', '占股', '比例', '太大', '，', '就是', '想', '炒', '它', '主力', '也', '拿', '不到']",6.0,501,1
2021/7/13,3793,"['中海油', '服股', '吧', '小丑', ':', '天', '注定', '345678']",-5.0,388,-1
2021/7/13,3794,"['跟着', '天', '注定', '做', '波段', '的', '小伙伴', '，', '相信', '昨天', '高位', '已经', '出', '了', '，', '现']",7.0,1667,1
2021/7/13,3802,"['天', '注定', '345678', '这', '，', '跌', '了', '狂吠', '，', '是不是', '得', '了', '狂犬病', '？']",-6.0,352,-1
2021/7/12,3810,"['重磅', '：', '国产', '自主', '海洋', '天然气', '水合物', '钻探', '和', '测井技术', '装备', '海']",5.0,1228,1
2021/7/12,3818,"['加仓', '的', '呢', '？', '？', '？', '？', '明天', '13.37', '最低价', '准备', '好', 'RMB', '加仓', '[', '俏皮', ']']",10.0,726,1
2021/7/12,3822,"['不愧', '是', '龙头', '，', '跌', '都', '那么', '帅', '！']",5.0,260,1
2021/7/9,3840,"['主力', '打压']",6.0,383,1
2021/7/9,3848,"['浪费', '我', '一天', '时间', '[', '滴汗', ']']",-7.0,289,-1
2021/7/8,3850,"['涨', '就', '涨', '两分', '，', '跌', '起来', '就', '大跌', '，', '垃圾股']",6.0,286,1
2021/7/8,3874,"['那个', '人', '傻', '钱', '多', '的', '可以', '任性', '补仓', '，', '资金', '少', '的', '可以', '和', '注定', '2', '一']",-10.0,355,-1
2021/7/8,3881,"['明天', '这', '孩子', '会', '不会', '想不开', '，', '大家', '别', '刺激', '他']",5.0,356,1
2021/7/7,3883,"['相信', '每天', '坚持', '看', '注定', '发帖', '的', '小伙伴', '，', '心中', '应该', '都', '在', '偷着乐']",7.0,970,1
2021/7/7,3893,"['每天', '软', '趴', '趴', '的', '，', '啥时候', '能', '坚挺', '一次']",5.0,378,1
2021/7/6,3904,"['中海油', '服', '（', '已', '被', '大', '资金', '抛弃', '）', '→', '都', '跑', '去', '买', '港股', '了', '，', '中海油']",-7.0,1083,-1
2021/7/6,3915,"['此股', '没有', '主力', '，', '没有', '庄家', '，', '只有', '散户', '，', '涨', '不', '上去', '也', '是', '情有']",-5.0,331,-1
2021/7/6,3918,"['哈哈', '，', '昨天', '进', '的', '爽', '，', '13.80', '，', '剑', '指', '20', '，', '冲锋']",8.0,417,1
2021/7/6,3919,"['哈哈', '，', '昨天', '进', '的', '爽', '，', '[', '鼓掌', ']', '[', '鼓掌', ']', '[', '鼓掌', ']']",8.0,393,1
2021/7/5,3924,"['尾盘', '卖', '了', '！', '干', '不过', '主力', '！']",14.0,283,1
2021/7/5,3927,"['金针', '探底']",5.0,356,1
2021/7/5,3928,"['喂', '，', '主力', '，', '可以', '打', '跌停', '了', '！']",6.0,341,1
2021/7/5,3930,"['我', '发现', '整个', '石油', '板块', '的', '股', '都', '不行', '，', '每天', '都', '是', '收绿', '，', '偶尔', '一']",-6.0,468,-1
2021/7/5,3938,"['主力', '，', '该', '起床', '了']",7.0,283,1
2021/7/5,3943,"['又', '来', '看看', '这', '不死不活', '的', '中海油', '服', '。']",-5.0,382,-1
2021/7/5,3951,"['大家', '觉得', '变态', '？', '一一', '此贴', '一定', '程度', '改变', '筹码', '买卖', '意愿', '，', '可']",-7.0,655,-1
2021/7/5,3955,"['涨', '的', '时候', '不动', '，', '跌', '的', '时候', '倒数', '，', '主力', '几百万', '就', '能', '砸', '起来', '，']",14.0,388,1
2021/7/5,3957,"['中海油', '服', '7', '月', '5', '日', '快速', '反弹']",6.0,625,1
2021/7/4,3959,"['都', '增产', '了', '你', '还', '不涨']",7.0,264,1
2021/7/2,3967,"['次股', '没有', '主力', '了', '？']",-7.0,363,-1
2021/7/2,3968,"['我', '人生', '天', '注定', '345678', '还有', '亡羊补牢', '犹时', '未晚', '天堂', '警告', '中海']",11.0,650,1
2021/7/2,3974,"['这', '垃圾', '货', '这', '都', '不行']",-8.0,529,-1
2021/7/2,3980,"['由于', '中报', '业绩', '巨亏', '，', '机构', '出逃', '，', '退市', '。']",-5.0,272,-1
2021/7/1,3987,"['这个', '主力', '在', '表演', '自己', '的', '能力', '！', '干脆', '不是', '为了', '更好', '更高', '目标']",9.0,258,1
2021/7/1,3993,"['实力', '证明', '一切', '，', '每天', '截图', '说三道四', '像', '个', '娘们', '唧唧', '的', '，', '赚钱']",-6.0,374,-1
2021/7/1,3994,"['猜', '十天', '，', '九天', '不中', '，', '然后', '有', '一天', '蒙中', '一点', '就', '出来', '显摆', '，', '这']",-6.5,261,-1
2021/7/1,3996,"['什么', '是', '实力', '这', '就是', '！', '开盘', '0.84%', '，', '收盘', '14.1', '，', '预测', '准确', '无']",6.0,592,1
2021/7/1,3999,"['又', '是', '高开低走', '，', '油价', '一直', '涨', '，', '你', '不涨', '真', '恶心']",-5.0,373,-1
2021/6/30,4024,"['洗得', '干净']",5.0,303,1
2021/6/30,4027,"['这', '股价', '确实', '是', '与', '原油价格', '脱钩', '了']",5.0,353,1
2021/6/30,4031,"['像', '我', '这么', '好心', '的', '人', '现在', '可不', '多', '了', '…', '…', '反复', '不厌其烦', '的', '提醒']",7.0,294,1
2021/6/30,4033,"['真特娘', '的', '是', '个', '人才']",7.0,323,1
2021/6/30,4036,"['不愧', '是', '龙头', '，', '摔', '的', '都', '这么', '漂亮', '！']",12.0,395,1
2021/6/30,4037,"['原油', '涨', '，', '油服', '跌', '，', '原油', '跌', '，', '油服', '大跌', '，', '哈哈']",5.0,347,1
2021/6/30,4040,"['主力', '原油', '和', '燃油', '期货', '又', '上涨', '了', '1.5', '个点', '，', '油服', '回调', '风险', '进']",6.0,756,1
2021/6/30,4044,"['这个', '票', '是', '有', '什么', '利空', '吗', '主力', '一直', '在', '出货']",6.0,506,1
2021/6/29,4052,"['出现', '背离', '了']",-7.0,383,-1
2021/6/29,4061,"['这', '支票', '每天', '都', '上窜下跳', '，', '没有', '方向', '！', '看不清', '主力', '！', '建议', '不']",-11.0,375,-1
2021/6/28,4076,"['这个', '股票', '每天', '开盘', '主力', '卖', '股票', '！', '然后', '就', '开始', '打压', '！', '回收', '股']",6.0,367,1
2021/6/28,4081,"['看来', '中报', '完蛋']",-5.0,320,-1
2021/6/28,4092,"['这', '玩意', '天天', '高开低走', '，', '一群', '小散', '在', '里面', '做', 'T', '，', '真', '恶心', '啊']",-6.0,357,-1
2021/6/25,4105,"['怎么回事', '，', '今天', '不', '听天', '注定', '的', '走', '，', '不过', '还是', '坚定', '10.6', '不改']",-5.0,498,-1
2021/6/25,4108,"['哈哈', '，', '两个', '天', '注定', '狗咬狗', '，', '笑', '死']",7.0,524,1
2021/6/25,4118,"['操盘手', '是', '高手', '，', '很难', '揣测', '意图', '。', '暂时', '不', '跟', '。']",8.0,307,1
2021/6/23,4150,"['到', '六十', '天线', '加仓', '机会', '，', '耐心', '拿', '一个月', '利润', '可观']",12.0,417,1
2021/6/23,4152,"['别急', '，', '马上', '就', '该', '突破', '啦']",7.0,359,1
2021/6/22,4169,"['[', '坏', '笑', ']', '有种', '功能', '叫', '屏蔽', '，', '屏蔽', '一切', '牛鬼蛇神']",-5.0,373,-1
2021/6/22,4170,"['做油服', '当然', '希望', '增产', '，', '这样', '才', '有', '更多', '业务', '，', '增产', '对油服', '是']",14.0,355,1
2021/6/22,4173,"['现在', '俄罗斯', '部分', '人', '在', '考虑', '增产', '，', '确定', '后', '到', '下月初', '7.1', '日才']",7.0,451,1
2021/6/22,4174,"['俄罗斯', '增产', '了', '，', '原油', '瀑布', '，', '明天', '油服', '大跌']",6.0,390,1
2021/6/22,4181,"['相信', '自己', '，', '我们', '买', '的', '是', '龙头', '，', '现在', '买', '回调', '也', '不怕', '，', '明年', '五']",12.0,370,1
2021/6/22,4184,"['我天', '注定', '绝对', '不是', '牛鬼蛇神', '，', '你们', '说话', '小心', '点']",21.0,454,1
2021/6/22,4190,"['感谢', '主力', '，', '成功', '做', 'T', '，', '成本', '已经', '降到', '10', '块', '以下', '了', '[', '大笑', ']', '[', '大']",13.0,406,1
2021/6/21,4212,"['很好', '，', '看到', '一堆', '唱空', '的', '，', '我', '就', '放心', '了']",8.0,557,1
2021/6/21,4230,"['这股', '废', '了', '，', '中报', '会', '很', '难看']",-10.0,340,-1
2021/6/21,4236,"['十点', '前', '低点', '买', '一部分', '，', '博', '短线', '反弹', '。', '[', '奸笑', ']']",-6.0,404,-1
2021/6/21,4238,"['板块', '都', '起来', '了', '，', '别装', '了']",7.0,439,1
2021/6/20,4249,"['本周', '会到', '10.6', '，', '13', '还是', '太', '乐观', '了']",6.0,316,1
2021/6/19,4263,"['实话实说', '，', '该股', '代表', '高端', '中国', '制造', '，', '在', '石油', '开发', '维护', '中是']",6.0,813,1
2021/6/18,4271,"['里面', '的', '朋友', '有', '反弹', '就', '卖', '，', '至少', '会', '跌到', '14.36', '以下']",10.0,372,1
2021/6/18,4279,"['遭遇', '多大', '危机', '这是']",-10.0,363,-1
2021/6/18,4293,"['原油期货', '开始', '反弹', '。', '看看', '能', '不能', '起来']",-6.0,568,-1
2021/6/18,4294,"['跟', '你', '对', '赌', '，', '今年', '内到', '不了', '10.6', '请', '你', '叫', '我们', '股', '吧', '朋友', '一人', '一']",9.0,398,1
2021/6/18,4302,"['一群', 'LJ', '庄家', '，', '完蛋']",-11.0,353,-1
2021/6/18,4306,"['这', '小丑', '又', '出来', '了', '[', '为什么', ']']",-5.0,373,-1
2021/6/17,4323,"['无量', '拉', '，', '一会', '就', '掉', '[', '偷笑', ']']",7.0,384,1
2021/6/16,4335,"['买', '就', '对了', '，', '石油', '板块', '里面', '最好的', '就', '海油', '，', '海油', '最好', '对', '我', '就']",10.0,530,1
2021/6/16,4338,"['还有', '18', '分钟', '，', '最后', '生死', '逃亡', '18', '分', '，', '今晚', '原油', '跌幅', '不会', '超过']",-7.0,905,-1
2021/6/16,4356,"['从', '上午', '战况', '来看', '，', '这里', '风平浪静']",5.0,320,1
2021/6/16,4366,"['中海油', '服', '6', '月', '16', '日', '快速', '上涨']",6.0,516,1
2021/6/16,4374,"['完', '了', '完', '了', '，', '股', '吧', '里', '，', '炒股', '有人', '炒出', '神经病', '了', '[', '滴汗', ']', '[', '滴汗', ']']",-5.0,255,-1
2021/6/15,4385,"['中海油', '深海', '一号', '能源', '站', '点火', '咯']",-5.0,559,-1
2021/6/14,4403,"['中海油', '服是', '属于', '恶性', '操作', '，', '咱们', '大家', '去', '举报']",-6.0,855,-1
2021/6/14,4404,"['周一', '必定', '低开', '，', '立贴', '为证']",8.0,876,1
2021/6/11,4433,"['漂亮', '，', '干', '的', '漂亮']",12.0,342,1
2021/6/11,4442,"['油价', '有望', '稳步', '攀升', '，', '中海油', '服', '股价', '短期内', '将', '上涨', '二到', '三成']",6.0,421,1
2021/6/10,4449,"['主力', '明天', '稍微', '拉一拉', '，', '让', '股东', '过', '一个', '愉快的', '端午节', '好不好']",8.5,284,1
2021/6/10,4450,"['你', '看看', '油价', '不', '又', '起来', '了', '，', '明天', '调', '油价', '直接', '起飞', '，', '拍段', '你们']",-6.0,354,-1
2021/6/10,4451,"['我', '今天', '出', '了', '，', '明天', '会', '不会', '拍烂', '大腿', '啊', '？', '高手', '们']",-9.0,773,-1
2021/6/10,4454,"['无语', '了']",-5.0,425,-1
2021/6/10,4458,"['心里', '发毛', '，', '主力', '和', '4', '干上', '了']",6.0,384,1
2021/6/10,4460,"['跌', '的', '时候', '相当', '爽快', '，', '涨', '的', '时候', '十分', '磨叽', '。', '19', '的', '本', '何时', '解套']",5.5,356,1
2021/6/10,4462,"['只要', '大家', '一致', '看多', '，', '必然', '大跌', '，', '没有', '万一', '，', '一张', '点股', '吧', '就']",10.0,334,1
2021/6/9,4475,"['今天', '获利', '逃', '顶了', '，', '哈哈', '，', '真爽']",16.0,495,1
2021/6/9,4484,"['今天', '解放', '套牢', '盘', '，', '明天', '大涨', '！', '！']",7.0,343,1
2021/6/9,4489,"['拉升', '呼之欲出', '，', '将', '有', '一波', '中级', '行情']",8.0,497,1
2021/6/9,4492,"['和', '朋友', '赌', '了', '两瓶', '水', '，', '明天', '最高', '能到', '15.8', '我', '就', '赢', '。', '大家', '觉得']",12.0,634,1
2021/6/9,4495,"['哈哈', '，', '卖', '了', '就', '大涨']",8.0,321,1
2021/6/8,4516,"['06', '/', '08', '全清', '，', '买力', '不够', '，', '卖方', '过度', '抛压', '。', '再大', '回调', '。']",-8.0,326,-1
2021/6/7,4519,"['主力', '一直', '在', '买进', '，', '明天', '要', '上', '15.6', '？']",7.0,438,1
2021/6/7,4525,"['港狗', '和', '融资', '狗', '又', '在', '砸盘', '了', '，', '但', '他们', '踏空', '了', '，', '报应', '吧', '。', '[', '成']",-9.0,342,-1
2021/6/5,4540,"['源油', '开始', '上涨', '了', '，', '融资', '狗', '和', '港', '狗', '必定', '踏空', '。']",9.0,530,1
2021/6/4,4548,"['必然', '要', '大跌', '一次', '，', '赶紧', '清仓']",7.0,372,1
2021/6/4,4550,"['火眼金睛', '”', '和', '“', '贪吃蛇', '让', '中国', '成为', '继', '美国', '后', '，', '全球', '第二个']",5.0,500,1
2021/6/4,4551,"['坚定', '看多', '[', '牛', ']', '[', '牛', ']', '[', '牛', ']']",6.0,372,1
2021/6/3,4570,"['主力', '你', '主备', '好', '起飞', '了', '么', '？', '上车', '，', '走起']",9.0,417,1
2021/6/3,4575,"['必须', '涨', '，', '压着', '只有', '吓唬', '小散', '，', '我们', '不', '走', '，', '等', '涨']",7.0,338,1
2021/6/3,4577,"['别装', '了', '，', '赶紧', '起来', '吧', '！']",7.0,404,1
2021/6/3,4583,"['随便', '砸', '和', '昨天', '一样', '的', '套路']",-5.0,348,-1
2021/6/3,4584,"['上上', '上']",7.0,397,1
2021/6/3,4588,"['刚才', '主力', '干架', '了', '，', '玩', '的', '好', '嗨', '我', '还以', '油价', '跌', '了', '，', '结果', '油价', '要']",5.0,445,1
2021/6/2,4619,"['卖早', '了', '，', '庄家', '真牛']",6.0,355,1
2021/6/2,4623,"['主力', '年纪', '大', '了', '！']",7.0,336,1
2021/6/2,4628,"['中海油', '服', '6', '月', '2', '日', '快速', '上涨']",6.0,607,1
2021/6/2,4634,"['太', '刺激', '了', '。', '我', '以为', '早上', '买错', '了']",-10.0,314,-1
2021/6/1,4657,"['今天', '开盘', '买入', '了', '这个', '中海油', '服', '！', '应该', '有', '不错', '的', '收获', '。', '把握']",5.0,693,1
2021/6/1,4668,"['我', '追', '好', '了', '，', '继续', '看涨', '！', '哈哈']",9.0,355,1
2021/6/1,4673,"['反对票', '投', '起来', '，', '股价', '跌', '这样', '还', '想', '增发']",6.0,388,1
2021/6/1,4678,"['今天', '又', '是', '冲高回落', '，', '散户', '莫', '追', '，', '港股', '起来', '了', '才', '有', '机会', '补仓']",-7.0,349,-1
2021/6/1,4682,"['无耻', '之股', '[', '哭', ']']",-9.0,329,-1
2021/6/1,4684,"['板块', '拉', '起来', '，', '抓紧', '加仓', '啊', '。', '冲', '。']",7.0,427,1
2021/6/1,4688,['一柱擎天'],7.0,373,1
2021/5/31,4696,"['恐惧', '！', '提前', '祝', '这里', '的', '大', '朋友', '六一', '儿童节', '快乐', '！', '庄家', '在', '憋着']",12.0,486,1
2021/5/31,4702,"['尾市', '进', '一半', '仓位', '好', '吧', '？', '高手', '？', '？']",18.0,613,1
2021/5/31,4707,"['板块', '拉', '起来', '，', '抓紧', '加仓', '啊', '。', '冲', '。']",7.0,330,1
2021/5/31,4711,"['收破烂', '的', '哦', ' ', '有', '破烂', '的', '卖', '哦', ' ', '阿弥陀佛']",-7.0,322,-1
2021/5/31,4712,"['神仙', '啊', '，', '连跌', '5', '天', '啦', '，', '拉稀', '也', '该', '好了吧']",5.0,570,1
2021/5/31,4713,"['无量', '下跌', '[', '大笑', ']', '，', '十块钱', '可以', '入', '三成', '仓']",6.0,401,1
2021/5/31,4714,"['板块', '拉', '起来', '，', '抓紧', '加仓', '啊', '。', '冲']",7.0,315,1
2021/5/31,4723,"['不', '回头', '了', '吗', '？']",-5.0,356,-1
2021/5/31,4727,"['国企', '牌坊', '，', '下作', '！']",-7.0,330,-1
2021/5/31,4729,"['现', '插入', '好', '吧', '？', '高手', '？']",18.0,596,1
2021/5/28,4752,"['真的', '心碎', '，', '大北', '农', '，', '中海油', '服', '，', '桐昆', '股份', '，', '京东方', '浪费', '大']",-7.0,832,-1
2021/5/28,4760,"['嘿嘿', '，', '周期', '，', '使劲', '跌', '，', '哈哈', '！', '一年', '玩一波', '就', '行', '[', '大笑', ']']",6.0,369,1
2021/5/28,4762,"['哎', '，', '记得', '谁', '说', '下午', '不拉', '起来', '就', '剁', '鸟来', '着', '[', '晕', ']']",7.0,296,1
2021/5/28,4763,"['心情', '不好', '，', '真是', '无语', '了']",5.0,296,1
2021/5/28,4767,"['股价', '跌成', '这样', '！', '[', '俏皮', ']', '星期一', '的', '股东大会', '怎么', '开', '的', '下去', '？']",5.0,486,1
2021/5/28,4775,"['完蛋', '，', '被', '外资', '玩死', '了']",-5.0,421,-1
2021/5/28,4779,"['中石化', '，', '中', '石油', '都', '涨', '了', '，', '你丫', '丢人']",-11.0,458,-1
2021/5/28,4780,"['原油价格', '快', '突破', '70', '了', '，', '拿紧', '筹码', '，', '别', '给', '洗下去', '了']",7.0,504,1
2021/5/28,4785,"['垃圾', '天天', '跌', '，', '给', '中', '字头', '丢脸', '啊', '！']",-7.0,328,-1
2021/5/27,4794,"['石油', '股', '风险', '太大', '了', '，', '抄底', '的', '全军覆没', '，', '看', '这', '抛售', '力度', '后边']",-10.0,410,-1
2021/5/27,4799,"['必须', '跌停']",6.0,255,1
2021/5/27,4814,"['哎', '，', '做', '证券', '要', '有', '耐心', '啊', '…', '孤独', '和', '寂寞', '，', '折磨', '人', '啊', '！', '！', '！']",5.0,352,1
2021/5/27,4815,"['该', '爆发', '了', '吧', '，', '跌', '了', '四天', '啦', '，', '你', '缺跌', '吗']",-8.0,492,-1
2021/5/27,4817,"['主力', '使劲', '的', '砸', '啊', '！', '砸', '停', '我', '好', '加仓', '，']",7.0,315,1
2021/5/26,4843,"['不堪回首', '。', '上错', '了', '花轿', '，', '要', '了', '卿卿', '性命', '。']",-7.0,377,-1
2021/5/26,4850,"['忍者', '无敌']",9.0,484,1
2021/5/26,4854,"['庄家', '，', '我', '摊牌', '了', '，', '早就', '全部', '清', '了', '，', '麻烦', '你', '要', '跌', '就', '赶紧', '跌', '，']",-10.0,447,-1
2021/5/25,4859,"['油服', '：', '麻烦', '您', '冲', '一冲', '，', '涨一涨', '呀', '[', '摊手', ']']",-7.0,429,-1
2021/5/25,4861,"['股市', '无', '君子']",-7.0,301,-1
2021/5/25,4872,"['恶心', '！']",-5.0,312,-1
2021/5/25,4875,"['只能', '一声', '长叹', '，', '何时', '解套']",-6.0,575,-1
2021/5/24,4888,"['几天', '不', 't', '亏', '几天', '！', '从未', '失手', '[', '哭', ']', '[', '哭', ']', '[', '哭', ']']",6.0,309,1
2021/5/24,4890,"['全仓', '5000', '元', '梭哈', '[', '呲', '牙', ']', '和', '主力', '拼', '了']",7.0,361,1
2021/5/24,4894,"['不', '开心', '呀', '不', '开心']",-10.0,410,-1
2021/5/24,4898,"['随便', '你', '怎么', '跌', '，', '就是', '不卖']",-6.0,413,-1
2021/5/21,4921,"['这', '两天', '跌得', '莫名其妙', '跟', '美油', '跌', '比', '他', '狠', '现在', '也', '止跌反弹', '了', '咋']",-5.0,465,-1
2021/5/21,4926,['不要脸'],-7.0,312,-1
2021/5/20,4950,"['为什么', '跌', '起来', '永远', '是', '板块', '第一', '，', '大', '垃圾']",6.0,340,1
2021/5/20,4952,"['05', '/', '20', '看好', '，', '业务量', '大增', '，', '盈利', '增加', '。', '跟党走', '，', '红利', '有', '。']",5.0,811,1
2021/5/19,4984,"['连续', '涨', '了', '这么', '多天', '，', '确实', '该', '调整', '一下', '，', '，', '问题', '是', '，', '涨', '了', '这']",6.0,364,1
2021/5/18,5011,"['顺', '周期', '真的', '“', '变天', '了', '”', '？']",-5.0,30911,-1
2021/5/18,5019,"['中海油', '服', '5', '月', '18', '日', '快速', '上涨']",6.0,623,1
2021/5/17,5024,"['这股', '有', '强大', '的', '资金', '在', '做', '差价', '。', '。', '。', '。']",5.0,450,1
2021/5/17,5026,"['今天', '不', '突破', '压力', '线', '就', '下来', '吧']",-8.0,446,-1
2021/5/16,5031,"['请', '各位', '神仙', '预测', '一下', '5', '月', '17', '号', '的', '走势', '，', '，', '再有', '一个', '涨停', '，']",8.0,724,1
2021/5/14,5040,"['每天', '做', 'T', ',', '不', '贪', '，', '赚', '150', '元', '就', '满足']",8.0,640,1
2021/5/14,5041,"['水底', '都', '拉', '起来', '了', '，', '下周', '看涨']",8.0,421,1
2021/5/13,5051,"['这', '涨幅', '还', '没中', '石油', '好', '，', '哈哈', '，', '拜拜', '您']",8.0,326,1
2021/5/13,5058,"['哈哈', '原油', '跌', '两个', '点', '了', '今天', '出', '了', '，', '等', '12', '在', '进', '[', '微笑', ']']",6.0,360,1
2021/5/13,5059,"['这', '几天', '主力', '还', '不是', '乖乖', '的', '拉', '起来']",11.5,366,1
2021/5/13,5060,"['下午', '拉', '起来', '好不好', '！']",7.0,498,1
2021/5/13,5065,"['作死', '呀', '我', '[', '哭', ']']",-9.0,330,-1
2021/5/13,5077,"['中海油', '服', '5', '月', '13', '日', '快速', '上涨']",6.0,526,1
2021/5/12,5083,"['背离', '了', '，', '跑路', '了', '留下', '的', '发财']",-8.0,366,-1
2021/5/12,5086,"['有', '的', '人', '跑', '的', '是', '真快', '呀', '，', '卧槽', '，', '这样', '的', '人', '聪明', '啊']",5.0,445,1
2021/5/12,5093,"['沪', '股', '通都', '是', '陪', '太子', '读书', '，', '他们', '下车', '了', '，', '主力', '资金', '可以', '安心']",8.0,461,1
2021/5/11,5104,"['争口气', '，', '红', '起来', '吧', '！']",7.0,302,1
2021/5/11,5106,"['天勒', '，', '太', '暴力', '，', '难道', '还', '能拉红', '[', '大笑', ']', '[', '大笑', ']', '[', '大笑', ']']",-6.0,337,-1
2021/5/11,5111,"['爽歪歪', '[', '呲', '牙', ']', '[', '呲', '牙', ']']",7.0,366,1
2021/5/11,5120,"['昨天', '我', '走', '的真', '是', '英明', '神武', '[', '呲', '牙', ']']",17.0,454,1
2021/5/11,5124,"['果然', '技术', '分析', '还是', '权威', '啊']",5.0,340,1
2021/5/11,5128,"['果断', '加仓']",5.0,442,1
2021/5/8,5153,"['观察', '了', '一年', '多', '这个', '股票', '，', '这个', '只', '股票', '纯属', '骗人', '的', '，', '专割', '韭']",-12.0,575,-1
2021/5/7,5158,"['卖点', '不', '回本', '，', '明天', '怕', '跌', '。', '高人', '指点', '指点', '[', '微笑', ']', '[', '微笑', ']']",6.0,478,1
2021/5/7,5159,"['股价', '悬崖峭壁', '，', '，', '业绩', ' ', '可怜', '，', '可怜', '，', '可怜', '呐', '！']",-10.0,415,-1
2021/5/7,5164,"['技术', '层面', '，', '金叉加', '下跌', '无量', '，', '双阴', '探底', '，', '说明', '现在', '是', '上车']",6.0,571,1
2021/5/7,5167,"['这个', '主力', '操盘', '已经', '被', '看透', '了']",7.0,394,1
2021/5/6,5172,"['参考', '一下', '原油', '主力']",7.0,665,1
2021/5/5,5184,"['最近', '国际原油', '上涨', '了', '，', '明天', '应该', '有戏', '吧', '[', '俏皮', ']']",7.0,611,1
2021/5/4,5185,"['实际', '流通盘', '不足', '一', '亿股', '，', '以', '基金', '、', 'QFII', '等', '为首', '的', '机构', '己', '完']",-5.0,546,-1
2021/5/3,5186,"['我', '乃', '海油', '员工', '已经', '被套', '，', '坐等', '发工资', '继续', '补仓', '。', '平台', '事故']",-6.0,1417,-1
2021/4/30,5193,"['我', '相信', '你', '，', '我', '愿意', '等', '你', '半年', '[', '鼓掌', ']']",7.0,430,1
2021/4/30,5217,"['太', '恶心', '了', '，', '就', '不该', '碰', '它']",-10.0,500,-1
2021/4/29,5264,"['主力', '诱多', '啊', '，', '就', '差', '一分钱', '，', '抓紧', '抛', '了', '，', '筹码', '都', '给', '主力', '了', '。']",13.0,292,1
2021/4/29,5268,"['主力', '手法', '太烂', '，', '再', '阴跌', '十来天', '到', '十三块', '以内', '可以', '满仓']",5.0,332,1
2021/4/29,5274,"['昨天', '刚买', '的', '，', '涨', '的', '不够', '跌', '的', '，', '亏惨', '了']",-5.0,338,-1
2021/4/29,5285,"['我', '买', '宏大', '爆破', '连', '卖房', '的', '钱', '都', '快', '亏光', '了', '？', '连住', '的', '地方', '郜', '没有']",6.0,521,1
2021/4/29,5296,"['兄弟', '们', '抄底', '了', '，', '主力', '资金', '开始', '回流', '，', '今天', '压盘', '明天', '最少', '有']",7.0,498,1
2021/4/29,5303,"['兄弟', '们', '抄底', '了', '，', '主力', '资金', '开始', '回流', '，', '今天', '压盘', '明天', '最少', '有']",7.0,305,1
2021/4/29,5304,"['兄弟', '们', '抄底', '了', '，', '主力', '资金', '开始', '回流', '，', '今天', '压盘', '明天', '最少', '有']",7.0,289,1
2021/4/29,5310,"['阴跌', '反弹', '以后', '急跌', '，', '太', '吓人', '了', '幸好', '管', '住手', '没进', '，', '删', '自选', '不']",-7.0,322,-1
2021/4/29,5313,"['不能', '补仓', '啊', '，', '主力', '诱多', '啊', '。']",-7.0,293,-1
2021/4/29,5314,"['不能', '补仓', '啊', '，', '主力', '诱多', '啊']",-7.0,271,-1
2021/4/29,5319,"['顺', '周期', '行情', '见', '顶了', '吗', '？']",7.0,22154,1
2021/4/29,5322,"['急转直下', '，', '啥', '情况']",-5.0,344,-1
2021/4/29,5331,"['最', '实惠', '的', '亮点', '，', '外资', '和', '易方达', '基金', '加仓均', '在', '千万', '股', '以上', '！']",22.0,635,1
2021/4/28,5343,"['哈哈', '，', '主力', '真会', '玩']",14.0,291,1
2021/4/28,5356,"['主力', '去', '接客', '了', '，', '等', '下', '卖完', '屁股', '赚了钱', '来', '拉升', '，', '稍', '等', '。']",8.0,346,1
2021/4/27,5359,"['默默', '看', '你们', '砸', '，', '都', '不', '看', '新闻', '吗', '？', '哈哈']",-8.0,632,-1
2021/4/27,5363,"['事故', '调查', '还', '没有', '出来', '，', '油服', '要', '赔', '多少钱', '还', '不', '知道', '，', '保险', '能']",-6.0,894,-1
2021/4/27,5366,"['你', '今天', '怎么', '涨', '的', '莫名其妙', '的', '啊', '。', '期货', '下跌', '，', '港股', '也', '再', '跌', '。']",-6.0,687,-1
2021/4/27,5367,"['东华', '、', '和顺', '是', '龙首', '，', '中海油', '几手', '拉升', '，', '感觉', '凉凉', '！', '背后', '发']",6.0,399,1
2021/4/26,5378,"['开采', '辅助', '今年', '必有', '一波', '大', '行情', '，', '资源', '涨', '疯了', '。', '主力', '现在', '筹']",9.0,724,1
2021/4/26,5387,"['中海油', '服', '，', '一季度', '业绩', '喜人', '，', '连续', '拉升', '。']",6.0,444,1
2021/4/26,5389,"['中海油', '“', '七年', '行动计划', '”', '，', '或', '将', '释放', '广阔', '合作', '空间']",6.0,774,1
2021/4/26,5390,"['16', '的', '成本', '呀', '，', '哪位', '好心人', '给', '我', '抬轿', '，', '让', '我', '解套', '？']",6.0,503,1
2021/4/26,5394,"['原油', '涨', '你', '跌', '原油', '跌', '你', '大跌', 'sb']",-7.0,676,-1
2021/4/24,5399,"['一', '季报', '可能', '要', '难看', '了', '，', '海油', '爸爸', '一季度', '开支', '同比', '减少', '，', '再']",-6.0,983,-1
2021/4/23,5404,"['现在', '都', '是', '新能源', '了', '，', '中海油', '要', '破产', '了', '。', ' ', '。', '。', ' ', '不像', '假话', '！']",-5.0,603,-1
2021/4/23,5405,"['主力', '再', '砸', '一点', '我', '就', '割', '了', '[', '得意', ']']",9.5,336,1
2021/4/21,5426,"['黎明前', '最', '黑暗', '的', '时刻', '！', '明天', '高开', '反身', '向上', '！']",-18.0,975,-1
2021/4/26,5433,"['开采', '辅助', '今年', '必有', '一波', '大', '行情', '，', '资源', '涨', '疯了', '。', '主力', '现在', '筹']",9.0,354,1
2021/4/26,5434,"['开采', '辅助', '今年', '必有', '一波', '大', '行情', '，', '资源', '涨', '疯了', '。', '主力', '现在', '筹']",9.0,280,1
2021/4/20,5457,"['业绩', '稳定', '绩优股', '，', '拉升', '呼之欲出', '！']",8.0,379,1
2021/4/16,5486,"['成功', '在', '前天', '14.05', '买入', '，', '看准', '回', '踩', '144', '天', '均线', '支撑', '有效']",9.0,473,1
2021/4/15,5503,"['真的', '是', '没有', '底线', '的', '跌', '，', '不要脸', '了', '[', '大笑', ']', '[', '大笑', ']', '[', '大笑', ']', '利好']",-5.0,360,-1
2021/4/15,5504,"['换', '懂事']",5.0,317,1
2021/4/15,5512,"['现价', '看多', '！', '[', '滴汗', ']', '石油', '期货', '暴涨', '，', '油服', '各项', '指标', '安全', '处于']",5.0,474,1
2021/4/14,5519,"['深入', '挖掘', '，', '中铁', '装配', '，', '碳', '中和', '非常', '不错', ',', '涨个', '几倍', '问题', '不']",9.0,437,1
2021/4/14,5524,"['买', '了', '点', '感谢', '有心人', '！', '油价', '会', '突破', '70', '美元', '的', '再', '等等', '吧', '！']",10.0,392,1
2021/4/13,5532,"['倒霉', '透顶', '了', '，', '买', '了', '这个', '垃圾']",-8.0,459,-1
2021/4/9,5563,"['喷子', '们', '火力', '不行', '么', '，', '早上', '还', '有点', '意思', '又', '回来', '了', '，', '不会', '跟房']",-7.0,471,-1
2021/4/9,5571,"['这', '几天', '的', '走势', '让', '好心人', '们', '失望', '了', '，', '也', '让', '我', '失望', '了', '，', '我们', '都']",5.0,535,1
2021/4/8,5578,"['想', '知道', '以好', '朋友', '，', '好', '员工', '，', '好心人', '？', '为首', '的', '喷子', '队', '能否', '将']",19.0,878,1
2021/4/8,5579,"['总', '有人', '在', '这', '故弄玄虚', '，', '你', '以为', '你们', '消息', '多', '灵通', '？', '别瞎为', '人']",10.0,1057,1
2021/4/8,5581,"['A股', '这', '主力', '可以', '啊']",7.0,492,1
2021/4/8,5590,"['价值', '投资', '?', '核心', '资产', '?', '恶心', '，', '我', '呸', '?']",-6.0,547,-1
2021/4/8,5592,"['真', '坚挺']",5.0,427,1
2021/4/8,5599,"['一堆', '小丑', '，', '唱空', '的', '倒', '是', '赶紧', '卖', '，', '别', '光说不练']",-5.0,821,-1
2021/4/7,5604,"['主力', '压力', '吸筹', '，', '国企改革', '，', '中海油', '服', '各种', '利好', '后期', '不断', '显']",7.0,755,1
2021/4/7,5606,"['海油', '装备', '业调', '是', '支持', '国家', '油汽', '保障', '与', '支持', '经济', '长远', '发展', '的']",18.0,519,1
2021/4/7,5612,"['你', '知道', '的', '主力', '也', '知道', '再说', '和', '油服', '有', '关系', '么', '隔壁', '两家', '不', '也', '没']",7.0,917,1
2021/4/6,5616,"['告诉', '大家', '赶紧', '跑', '！', '有事', '发生', '明天', '活埋', '[', '滴汗', ']', '相信', '我']",6.0,1114,1
2021/4/6,5621,"['我', '也', '支持', '赶紧', '跑', '，', '快', '跑', '啊', '，', '看', '谁', '跑得快']",5.0,361,1
2021/4/2,5637,"['中国', '黄金', '暴涨', '一个月', '。', '不错']",9.0,456,1
2021/4/2,5638,"['等', '你', '把', '欠', '我', '的', '百分之三十', '加倍', '奉还', '才能', '走', '[', '大笑', ']']",5.0,415,1
2021/4/2,5643,"['当前', '大', '环境', '，', '发展', '海油', '装备', '支持', '国家', '经济', '长远', '发展', '是', '长期']",6.0,477,1
2021/3/31,5657,"['跌', '起来', '永远', '是', '第一']",7.0,424,1
2021/3/31,5659,"['中海油', '服', '不要脸']",-7.0,605,-1
2021/3/30,5664,"['板块', '指数', '一直', '拉', '，', '你', '一直', '拖后腿']",-7.0,399,-1
2021/3/28,5688,"['原油', '掉', '这么', '多', '，', '明天', '要', '完蛋', '了', '吧', '？', '中海油', '服']",-15.0,622,-1
2021/3/27,5691,"['中国', '黄金']",5.0,584,1
2021/3/26,5696,"['中海油', '服', '：', '2020', '年', '净利润', '27.03', '亿元', ' ', '同比', '增长']",7.0,1012,1
2021/3/26,5697,"['把', '那些', '无脑', '空狗', '屏蔽', '了', '这个', '吧', '里', '现在', '好', '清静', '[']",6.0,658,1
2021/3/26,5698,"['清洁', '能源', '今天', '大涨', '，', '大涨', '呼之欲出']",10.0,380,1
2021/3/26,5699,"['明天', '跌停', '惊喜', '吗']",6.0,414,1
2021/3/25,5709,"['必须', '涨停', '啊']",8.0,428,1
2021/3/25,5713,"['快', '跑', '啊', '，', '主力', '出货', '了']",7.0,351,1
2021/3/25,5716,"['和顺', '石油', '涨停']",6.0,482,1
2021/3/25,5717,"['要', '不要', '这么', '恶心']",5.0,389,1
2021/3/24,5734,"['特种兵', '喜欢', '你', '这样', '的']",5.0,298,1
2021/3/24,5741,"['这股', '没有', '主力', '了', '啊', '，', '机构', '都', '跑', '了']",-7.0,333,-1
2021/3/24,5746,"['601808', ':', '中海油', '服', '独立', '董事', '提名', '人和', '候选人', '声明', '公告']",6.0,686,1
2021/3/24,5766,"['这股', '就是', '不', '走', '寻常路', '，', '我', '坚定', '持有', '，', '石油', '总归', '是', '硬通货', '，']",-5.0,508,-1
2021/3/24,5771,"['哈哈哈', '，', '再来', '个', '跌停', '就', '可以', '慢慢', '买', '了', '，', '主力', '得', '加把劲', '往下']",6.0,332,1
2021/3/24,5784,"['不会', '是', '年报', '不及', '预期', '吧']",5.0,421,1
2021/3/24,5786,"['垃圾', ' ', '来个', '跌停', ' ', '上上', '龙虎榜']",5.0,382,1
2021/3/24,5790,"['价值', '投资', '？', '真', '恶心', '！']",-5.0,380,-1
2021/3/24,5798,"['让', '大家', '兴奋', '一下', '，', '，', '，', '托单', '赶紧', '撤', '，', '必须', '三个', '跌停', '！']",6.0,1371,1
2021/3/24,5805,"['跌破', '年线', '已成', '必然', '[', '大笑', ']', '[', '大笑', ']', '[', '大笑', ']']",8.0,363,1
2021/3/23,5816,"['恭喜', '今天', '买入', '被套', '的', '朋友']",13.0,291,1
2021/3/23,5826,"['和', '海油', '工程', '相比', '，', '你们', '哪家', '在', '中海油', '眼里', '更', '重要', '！']",7.0,577,1
2021/3/22,5828,"['中海', '这种', '股票', '，', '一年', '做', '一波', '就', '行', '，', '涨到', '20', '元', '就', '到', '顶了', '，', '不']",7.0,341,1
2021/3/22,5833,"['在', '没有', '走出', '下降', '趋势', '前', '，', '没', '必要', '急', '着', '买', '，', '反正', '这股', '又', '不可']",-7.0,399,-1
2021/3/22,5834,"['能', '不能', '冲', '一下', '主力', '在', '哪里']",-7.0,439,-1
2021/3/22,5835,"['受不了', '，', '走', '了', '，', '这么', '好的', '行情', '，', '浪费', '了', '，', '换', '环保', '去', '了', '。']",-6.0,433,-1
2021/3/22,5836,"['估计', '业绩', '不行', '，', '资金', '提前', '抢跑', '了']",-7.0,388,-1
2021/3/21,5840,"['耐心', '等待', '12', '—', '13', '价位', '，', '现在', '不是', '抄底', '的', '时候', '。']",5.0,317,1
2021/3/20,5849,"['这波', '下跌', '还', '没', '到头', '，', '一小', '涨', '，', '一', '大跌', '配合', '的', '真好', '。', '原油', '涨']",6.0,294,1
2021/3/19,5856,"['哎', '，', '早上', '一', '开盘', '，', '5000', '多手', '大', '单压', '在', '15.19', '，', '主力', '的', '筹码']",7.0,1029,1
2021/3/19,5876,"['港资', '在', '不停', '的', '买', ' ', '国内', '机构', '在', '拼命', '卖', ' ', ' ', '真是', '无语']",-5.0,351,-1
2021/3/19,5884,"['你', '会', '有', '报应', '的']",-7.0,325,-1
2021/3/19,5897,"['明天', '要', '发飙', '啦']",-5.0,254,-1
2021/3/19,5899,"['中海油', '服', '，', '深深', '钟爱', '的', '好股', '。', '中海油', '服', '，', '股民', '盛赞', '的', '好', '公']",15.0,567,1
2021/3/18,5904,"['明天', '完蛋', '！', '石油', '大跌', '！']",-6.0,307,-1
2021/3/18,5908,"['主力', '资金', '自己', '玩', '，', '没有', '对手', '盘', '！', '[', '大笑', ']', '[', '大笑', ']', '该股', '已经', '失']",7.0,359,1
2021/3/17,5923,"['油价', '开始', '发飙', '了', '，', '你', '起码', '得', '二个', '点', '吧']",-5.0,305,-1
2021/3/17,5926,"['股民', '最', '钟爱', '的', '好股', '，', '中海油', '服', '。', '祝愿', '公司', '万年', '长青', '。']",28.0,397,1
2021/3/17,5929,"['跌', '起来', '如', '猛虎']",6.0,280,1
2021/3/17,5937,"['公司', '质地', '良好', '，', '昨天', '尾盘', '进', '了', '8', '手', '，', '看好', '后势', '。']",6.0,295,1
2021/3/16,5941,"['贵州', '轮胎', '，', '严重', '低估', '了', '，', '强推']",-6.0,358,-1
2021/3/16,5943,"['早在', '22', '日', '就', '提醒', '大家', '规避', '风险', '啦', '，', '主力', '资金', '借着', '这波', '原油']",5.0,561,1
2021/3/16,5965,"['无良', '天尊']",8.0,262,1
2021/3/16,5966,"['这一波', '完蛋', '了']",-5.0,441,-1
2021/3/16,5973,"['不是', '这股', '与', '主力', '不好', '，', '实在', '是', '市场', '太', '邪恶', '了', '，', '没法', '玩', '，', '先']",19.0,554,1
2021/3/16,5974,"['鸭子', '嘴硬', '的', '没', '几个', '了', '吧']",-5.0,370,-1
2021/3/15,5992,"['这周', '要', '创新', '低', '了']",5.0,242,1
2021/3/15,5994,"['理性', '应对', '波动', '做', '时间', '的', '朋友']",9.0,23612,1
2021/3/12,6021,"['不行', '了', ' ', '赶紧', '跑', '啊']",-7.0,322,-1
2021/3/12,6028,"['今天', '应该', '小幅度', '跌荡']",5.0,309,1
2021/3/12,6030,"['挂单', '16.88', '，', '吉祥', '数', '！', '！', '！', '！', '90', '万']",9.0,432,1
2021/3/12,6038,"['中海油', '服股', '吧', '里', '妖怪', '多']",-5.0,473,-1
2021/3/11,6045,"['还', '等', '几天', '，', '再', '不涨', '创新高', '证明', '见', '顶了', '，', '必须', '换', '海油', '工程', '了']",14.5,787,1
2021/3/11,6054,"['这', '今天', '不能', '超过', '前天', '的', '阴线', '。', '就', '完蛋', '了']",-6.0,307,-1
2021/3/10,6067,"['长跑', '能手', '发新基', '，', '重塑', '价值', '投资']",5.0,22316,1
2021/3/10,6080,"['周线', '很', '难看', '感觉', '会到', '十四', '左右', '止跌']",-9.0,318,-1
2021/3/9,6094,['骗子'],-5.0,310,-1
2021/3/9,6096,"['用', '1000', '大洋', '学到', '了', '两个', '字', '“', '凶悍', '”', '。', '也许', '更', '凶悍', '的', '看不到']",-6.0,312,-1
2021/3/9,6097,"['这个', '庄家', '出货', '的', '方法', '很', '高级', '。', '玩', '不过', '他', '。']",9.0,379,1
2021/3/9,6100,"['虽然', '跑', '了', '，', '但是', '也', '没', '挣到', '钱', '，', '希望', '看到', '我', '铁子', '的', '朋友', '，', '红']",9.0,424,1
2021/3/9,6108,"['小散', '道友', '们', '，', '扯', '呼', '，', '逃命', '吧', '，', '中海油', '服', '这', '是', '启动', '十', '连跌', '的']",-6.0,450,-1
2021/3/9,6110,"['哈哈', '，', '全球', '原油期货', '涨', '你', '不涨', '。', '原', '油价', '稍微', '一跌', '你', '就', '跌停']",7.5,363,1
2021/3/8,6127,"['五日', '线', '完美', '老鸭', '头', '！', '明后天', '关键', '了']",9.0,268,1
2021/3/8,6131,"['17.95', '意思', '是', '要钱', '救', '我', '，', '没钱', '估计', '是', '活不成', '了', '，', '今晚', '主力']",7.0,290,1
2021/3/8,6140,"['市场', '震荡', '，', '什么', '值得', '投', '？']",5.0,39381,1
2021/3/8,6142,"['沙特', '石油', '重镇', '遇袭', '，', '油价', '狂升', '，', '今天', '油服', '不该', '涨停', '吗', '？']",6.0,367,1
2021/3/8,6150,"['我', '是', '小散', '，', '第二次', '买', '中海', '，', '希望', '主力', '赚大钱', '[', '微笑', ']']",8.0,435,1
2021/3/8,6153,"['垃圾股', '，', '高开低走', '，', '浪费', '行情']",-9.0,357,-1
2021/3/8,6163,"['今天', '不涨', '天理难容']",-9.0,383,-1
2021/3/7,6169,"['又', '是', '油服', '买', '入时']",7.0,6756,1
2021/3/7,6170,"['周五', '美股', '钻井', '、', '石油', '板块', '大涨', '，', '原油', '受', 'OPEC', '+', '不', '增产', '利好']",-5.0,1713,-1
2021/3/6,6171,"['重要', '的', '事情', '讲', '三遍', '吗', '[', '大笑', ']']",7.0,458,1
2021/3/6,6174,"['这么', '好的', '油价', '行情', '，', '被', '大盘', '给', '拖累', '了', '，', '下星期', '要是', '油价', '跌']",-5.0,518,-1
2021/3/5,6181,"['原油', '大涨', '的', '时候', '不涨', '，', '原油', '下跌', '就', '麻烦', '了']",-7.0,310,-1
2021/3/5,6193,"['3', '月', '5', '号', '原油期货', '涨', '6', '个', '多点', '，', '中海油', '服冲', '起来']",8.0,619,1
2021/3/5,6202,"['浪费时间', '浪费', '行情']",-8.0,307,-1
2021/3/5,6205,"['主力', '很穷', '吗', '，']",7.0,323,1
2021/3/5,6206,"['回头', '看']",5.0,298,1
2021/3/5,6212,"['一动不动', '是', '王八', '！']",-7.0,342,-1
2021/3/5,6215,"['还涨', '着', '呢', '!', '坚定', '持有']",5.0,302,1
2021/3/5,6217,"['被套', '的', '太多', '了', '拉', '不', '起来', '的']",-8.0,300,-1
2021/3/4,6237,"['能源', '化工', '值得', '投资', '么', '？']",5.0,27891,1
2021/3/4,6238,"['小油', '：', '中曼', '石油', ' ', '涨停', '，', '你', '这个', '当爹', '的', '好惨', '得', '不像话', '！', '个']",-8.0,412,-1
2021/3/4,6242,"['最近', '这里', '挺', '热闹', '，', '基本', '都', '是', '生面孔', '，', '等', '诸位', '新人', '割', '了', '停止']",14.5,293,1
2021/3/4,6244,"['绿绿', '绿油业', '！', '不安', '好心', '的', '延续', '趋势', '往上走', '！']",5.0,461,1
2021/3/4,6245,"['这个', '主力', '非常', '凶狠', '杀', '的', '你', '找不到', '北']",-9.0,257,-1
2021/3/4,6248,"['嘿嘿', '，', '再', '翻红', '就是', '个', '流氓', '庄', '不要脸', '！', '子', '犯贱', '无情', '！', '[', '怒', ']']",-24.0,247,-1
2021/3/4,6251,"['中海油', '服', '没有', '主力', '，', '一堆', '散户', '玩完', '了', '，', '13', '元见']",-8.0,276,-1
2021/3/4,6255,"['主力', '故意的']",6.0,301,1
2021/3/4,6256,"['这个', '主力', '太', '恶毒']",-7.0,247,-1
2021/3/4,6261,"['这股', '今天', '跌', '的', '很', '奇怪', '了', '各', '行业龙头', '情绪', '影响', '？', '？', '？', '有', '毛病']",-5.0,297,-1
2021/3/4,6263,"['主力', '你', '瞎', '吗']",7.0,276,1
2021/3/4,6266,"['下午', '爆发', '。']",-7.0,277,-1
2021/3/4,6271,"['被', '港股', '拖累', '了', '吗', '这', '是', '，', '我', '17.32', '全怼', '进去', '了', '今天', '别', '吃', '大面']",-5.0,310,-1
2021/3/4,6272,"['总是', '感觉', '中海油', '服', '缺少', '点', '什么', '，', '致使', '股价', '不能', '一鹤', '冲天', '。']",5.0,374,1
2021/3/4,6276,"['期货', '今晚', '必', '大涨', '！', '不是', '马后炮', '！', '不信', '明天', '高开', '涨停板', '！', '看']",6.0,298,1
2021/3/4,6284,"['中海油', '服', '自主', '研发', '深水', '钻井液', '技术', '实现', '国际', '“', '领跑', '”']",7.0,1580,1
2021/3/4,6286,"['还好', '你', '大爷', '我', '减仓', '了', '死逼', '，', '拉高', '我', '就', '跑']",-5.0,203,-1
2021/3/4,6291,"['主力', '你', '看着办', '吧']",7.0,238,1
2021/3/4,6293,"['你', '什么', '时候', '也', '当次', '真正', '的', '龙头', '？', '给', '点儿', '希望', '。']",6.0,265,1
2021/3/3,6305,"['川财', '证券', '给予', '中海油', '服', '增持', '评级', '：', '中海油', '投资', '增长', '，', '公司']",8.0,1198,1
2021/3/3,6315,"['2021', '年', '科技', '板块', '是否', '值得', '期待', '？']",6.0,72111,1
2021/3/3,6319,"['恭喜', '各位', '兄弟姐妹', '昨天', '跟', '我', '一起', '抄底', '的', '，', '我', '抄底', '的', '股票', '还']",5.0,617,1
2021/3/2,6330,"['主力', '看着办']",7.0,307,1
2021/3/2,6334,"['明天', '必须', '高开', '17', '块', '，', '那', '就', '反包', '了', '。']",7.0,404,1
2021/3/2,6335,"['17.10', '搞', '的', '，', '20', '以上', '没舍得', '出', '，', '快速', '坐', '了', '个', '电梯', '，', '真是', '牛']",5.0,396,1
2021/3/2,6362,"['只', '等', '补', '缺口', '买入', '发财', '了', '。', '哈哈', '，', '快下', '吧', '！']",6.0,304,1
2021/3/2,6385,"['融资', '盘', '一旦', '被', '激活', '，', '潜力', '不可估量', '，', '目前', '大部分', '个股', '的', '融']",5.0,10895,1
2021/3/1,6388,"['明天', '来个', '跌停', '吧', '，', '杀杀', '傻散', '的', '气焰']",-6.0,502,-1
2021/3/1,6401,"['主力', '顶部', '派发', '完毕', '，', '这货', '即将', '进入', '慢慢', '阴跌', '，', '深不见底', '，']",6.0,305,1
2021/3/1,6413,"['这', '是', '真', '有毒', '，', '买', '进来', '天天', '掉', '，', '一卖', '瞬间', '拉上去', '，', '这', '软件', '有']",-5.0,419,-1
2021/3/1,6414,"['自选', '里', '唯一', '绿色', '，', '不错', '，', '看好', '你', '本周', '15', '元', '见面会']",5.0,319,1
2021/3/1,6415,"['经典', '的', '两个', '支撑', '，', '值得', '参考']",15.0,1352,1
2021/2/28,6427,"['简直', '是', '无耻', '，', '我', '一卖', '就', '飞', '了', '，', '快点', '跌下来', '，', '我来', '接盘']",-9.0,416,-1
2021/2/27,6431,"['中国', '高温', '测井技术', '炼就', '“', '火眼金睛', '”', ' ', '跻身', '国际', '先进', '行列']",15.0,2361,1
2021/2/26,6436,"['63', '美元', '一桶', '的', '原油', '，', '中海油', '17.6', '严重', '低估', '。']",-6.0,550,-1
2021/2/26,6448,"['哦', '豁', '石油', '黄金', '领跌', '，', '凉凉']",5.0,291,1
2021/2/26,6458,"['21.29', '的', '上', '引线', '就是', '上吊', '线', '，', '该', '跑', '的', '跑', '吧', '，', '不', '可能', '有', '主力']",-14.0,379,-1
2021/2/26,6461,"['颇具', '妖股', '特征', '，', '目前', '价值', '严重', '低估', '，', '尤其', '是', '原油', '在', '60', '以上']",-6.0,385,-1
2021/2/26,6465,"['元宵节', '，', '你', '搞', '这么', '怂', '，', '有意思', '吗', '！']",8.0,275,1
2021/2/26,6475,"['这个', '票', '的', '特性', '就是', '跌', '起来', '特别', '凶']",6.0,334,1
2021/2/26,6478,"['要拉黑', '了', '这个', '票', '，', '这太', '恶劣', '了']",-7.0,363,-1
2021/2/25,6490,"['半导体', '当前', '值得', '投', '吗', '？']",5.0,41784,1
2021/2/25,6493,"['主力', '继续', '出货', '啊', '，', '等到', '原油', '涨上', '100', '刀', '，', '主力', '想', '哭', '都', '哭', '不']",14.0,359,1
2021/2/25,6496,"['杰哥', '，', '44', '调', '10', '个点', '，', '你', '海油', '才调', '这点', '，', '怎么', '加仓', '，', '快到', '14']",5.0,320,1
2021/2/25,6505,"['建议', '小散', '都', '卖掉', '给', '主力', '拉升']",9.0,311,1
2021/2/25,6507,"['主力', '出货', '还', '没完', '，', '看看', '标准', '高位', '派发', '，', '散', 'B', '你', '今天', '又', '追', '了']",7.0,320,1
2021/2/25,6511,"['一个', '做', '油田', '服务', '的', '，', '完全', '靠', '采油', '公司', '的', '发展', '才能', '混口饭吃']",5.0,346,1
2021/2/25,6519,"['这', '成交量', '太低', '了', '吧', '，', '明显', '没', '主力']",-6.0,400,-1
2021/2/25,6523,"['市值', '可以', '比肩', '茅台', '的', '世界级', '品牌', '，', '记住', '：', '海洋', '经济', '，', '这是']",9.0,297,1
2021/2/25,6526,"['完美', '状态', '，', '主力', '出', '去买烟', '，', '股价', '也', '不', '回落', '，', '稍稍', '用力', '，', '股']",17.0,492,1
2021/2/25,6529,"['主力', '太坏', '在', '诱多', '，', '看看', '谁', '接盘', '，', '今天', '地方', '产股', '，', '什么', '轮石']",7.0,323,1
2021/2/25,6531,"['主力', '真是', '好', '，', '天天', '给', '完美', '做', 't', '机会']",26.0,428,1
2021/2/25,6534,"['差点', '意思', '，', '主力', '不给力', '(', '*', 'm', ')']",6.0,373,1
2021/2/25,6539,"['H股', '快', '跌停', '了', '，', '而且', '便宜', '一半', '，', '今天', '是', '完蛋', '啦']",-5.0,527,-1
2021/2/25,6545,"['故意', '乙经', '讲完', '了了', '，', '证券公司', '出来', '讲完', '了', '，', '主力', '不', '做多', '，']",5.0,507,1
2021/2/24,6552,"['这股', '就是', '喜欢', '震荡', '上涨']",6.0,236,1
2021/2/24,6553,"['明天', '必定', '冲高']",9.0,325,1
2021/2/24,6554,"['这里', '的', '散', 'B', '真的', '可爱', '，', '今天', '人家', '在', '买券', '还券', '，', '会', '上浮', '，', '明']",5.0,492,1
2021/2/24,6555,"['小白', '请教', '，', '原油', '走势', '向上', '，', '为什么', '海油', '服', '还', '跌', '了', '，', '不是', '利']",5.5,424,1
2021/2/24,6568,"['永远', '那么', '坚挺']",5.0,335,1
2021/2/24,6570,"['耐心', '等', '，', '他们', '的', '情夫', '己经', '扛下', '不', '住院', '了', '，', '融券']",5.0,242,1
2021/2/23,6612,"['到', '顶了', '撤', '吧']",7.0,324,1
2021/2/19,6669,"['股市', '中', '的', '主力军', '都', '去', '抱', '茅台', '类', '酒业', '发财', '去', '了', '，', '哪有', '功夫', '去']",5.0,459,1
2021/2/19,6671,"['主力', '不', '讲武', '德']",7.0,379,1
2021/2/19,6674,"['主力', '一直', '在', '。', '没', '时间', '操作', '。', '全家', '都', '在']",7.0,397,1
2021/2/19,6679,"['今天', '必须', '跌停']",6.0,714,1
2021/2/19,6685,"['主力', '都', '在', '跑']",7.0,355,1
2021/2/19,6687,"['请教', '下', '各位', '大脑', '，', '涨停', '那天', '卖出', '了', '的', '现在', '的', '点位', '能否', '合适']",5.0,436,1
2021/2/19,6690,"['大家', '瞪', '起眼', '来', '准备', '割', '主力', '韭菜']",7.0,313,1
2021/2/19,6706,"['中海油', '服', '：', '国际', '油价', '突破', '60', '美元', '，', '中海油', '今年', '目标', '产量', '55']",7.0,303,1
2021/2/18,6707,"['明天', '能', '坚挺', '一次', '，', '稳住', '20', '吗', '？']",5.0,394,1
2021/2/18,6717,"['垃圾', '中', '的', '极品']",8.0,308,1
2021/2/18,6727,"['今天', '一定', '要', '反弹', '回去', '，', '如果', '不行', '，', '只能', '说', '中海油', '服', '的', '小股']",-6.0,601,-1
2021/2/18,6736,"['真', '生气', '，', '，', 'H股', '跌', '30%', '它', '居然', '敢', '诱多', '，', '想', '办法', '砸', '它', '跌停']",-8.0,1033,-1
2021/2/17,6747,"['原油', '上涨', '势不可挡', '，', '中海油', '服', '股价', '一鹤', '冲天', '。']",6.0,483,1
2021/2/15,6755,"['这', '只票', '高手', '分析', '分析', '？']",9.0,532,1
2021/2/13,6757,"['不得了', '，', '油价', '超', '100', '的话', '，', '海油', '就', '有利可图', '。', '估计', '80', '左右']",-45.0,716,-1
2021/2/12,6759,"['杨光', '村人', '在', '洛杉矶', '，', '祝', '祖国', '强大']",5.0,396,1
2021/2/10,6765,"['洞房', '昨夜', '春风', '起', '，', '故人', '尚隔', '湘江', '水', '。', '枕上', '片时', '春梦', '中', '，', '行']",10.0,422,1
2021/2/10,6784,"['油价', '真', '疯狂', '一直', '涨', '不', '回调', '！', '太', '刺激', '了', '。']",-15.0,471,-1
2021/2/9,6797,"['形态', '完美', '，', '卖飞', '了', '也', '要', '继续', '跟踪', '欣赏']",16.0,380,1
2021/2/9,6803,"['劳资', '准备', '好', '炮仗', '迎接', '中海油', '服破', '千亿', '恭喜', '[', '鼓掌', ']']",7.0,506,1
2021/2/9,6805,"['来', '啊', '，', '主力', '，', '欢迎', '砸盘']",6.0,702,1
2021/2/9,6818,"['Areyoukid', 'ding', 'me', '?']",7.0,355,1
2021/2/9,6824,"['无量', '涨停', '牛逼']",8.0,337,1
2021/2/9,6829,['牛B'],7.0,280,1
2021/2/9,6830,"['干', '的', '漂亮', '[', '鼓掌', ']', '[', '鼓掌', ']', '[', '鼓掌', ']']",6.0,317,1
2021/2/9,6837,"['低价', '卖', '的', '后', '槽牙', '都', '咬掉', '，', '涨停', '是', '必然']",10.0,308,1
2021/2/9,6842,"['看看', '原油', '的', '走势', '多么', '像', '前', '年底', '的', '黄金', '呀', '！', '中海油', '服', '的', '走势']",10.0,824,1
2021/2/8,6845,"['川财', '证券', '给予', '中海油', '服', '增持', '评级', '：', '中海油', '投资', '增长', ' ', '公司']",8.0,1914,1
2021/2/8,6846,"['妖魔鬼怪', '都', '出来', '了']",-5.0,262,-1
2021/2/8,6851,"['2021', '年', '战略', '展望', '点评', '：', '中海油', '投资', '增长', '，', '公司']",7.0,8577,1
2021/2/8,6856,"['涨', '不涨', '全是', '主力', '说', '的', '算']",8.0,286,1
2021/2/8,6857,"['高速', '堵车']",5.0,294,1
2021/2/8,6869,"['无论如何', '经济', '复苏', '，', '涨停', '是', '必然']",10.0,364,1
2021/2/8,6873,"['期货', '大涨', '，', '原油', '大涨', '，', '最', '直接', '的', '利好', '就是', '开采']",5.0,490,1
2021/2/7,6882,"['到顶', '，', '背离', '，', '取钱', '，', '过年', '！']",-7.0,517,-1
2021/2/5,6891,"['主力', '给', '了', '暗号', '，', '17.20', ',', '就是说', '要', '去', '二十', '的', '意思']",7.0,535,1
2021/2/5,6894,"['不', '贪心', '，', '下车', '，', '走', '了', '…', '…', '感谢']",10.0,471,1
2021/2/5,6895,"['每天', '这种', '虎头蛇尾', '的', '走势', '，', '大', '概率', '是', '庄家', '在', '派']",-6.0,367,-1
2021/2/5,6900,"['这股', '主力', '是', '猪', '吗', '？', '总给', '散户', '做', 'T', '机会', '？', '你', '要是']",8.0,601,1
2021/2/5,6914,"['连续', '4', '天跳', '空高开', ' ', '这', '是', '有', '什么', '故事', '才能', '这样', '干']",5.0,437,1
2021/2/5,6917,"['假', '突破']",7.0,478,1
2021/2/5,6931,"['大好', '慢长', '牛', '！', '永远', '长牛', '，', '不停', '涨', '！', '涨', '不停', '！']",9.0,270,1
2021/2/4,6958,"['化工行业', '一片', '大好', '，', '还', '要大涨']",7.5,297,1
2021/2/4,6962,"['太', '吓人', '我', '走', '了']",-6.0,256,-1
2021/2/4,6975,"['涨', '啊', '涨', '啊', '，', '涨', '朋友', '，', '涨到', '一个', '好', '朋友', '，', '敬个', '礼']",30.0,322,1
2021/2/3,6981,"['做套', '的', '人', '太多', '了', '，', '主力', '带头', '做套', '，', '明天', '可能', '就']",7.0,380,1
2021/2/3,6984,"['洗', '干净', '了', '，', '明日', '涨停', '开盘']",6.0,381,1
2021/2/3,6986,"['中海油', '服', '：', '主力', '资金', '连续', '3', '天', '净流入', '累计', '4954.13', '万元', '（', '02']",7.0,449,1
2021/2/3,6988,"['中海油', '服', '历来', '不', '配合', '中', '石油']",-6.0,317,-1
2021/2/3,6994,"['美', '原油', '库存', '骤降', '，', 'OPEC', '竭力', '消除', '供给', '过剩', '，', '拜登', '援助', '新政']",6.0,403,1
2021/2/2,7011,"['中海油', '服', '：', '主力', '资金', '净流入', '1333.18', '万元', '，', '净', '占', '比', '3.26%', '（']",7.0,447,1
2021/2/2,7017,"['牛逼', '。', '2', '月', '，', '突破', '17', '元', '，', '摸', '一下', '18', '元', '。']",7.0,320,1
2021/2/2,7018,"['没', '格局', '的', '主力', '又', '在', '做', 't', '。', '无所谓', '了', '，', '留', '了', '几百', '股', '，', '爱涨', '就']",-7.0,305,-1
2021/2/2,7020,"['哈哈', '，', '爽', '，', '拉高', '又', '走低', '，', '继续', '做', 't', '！']",8.0,299,1
2021/2/1,7033,"['我', '说', '4', '月', '布伦特', '原油', '能到', '75', '美元', '，', '中海油', '服能', '轻松', '突破', '21']",10.0,399,1
2021/2/1,7034,"['中海油', '服', '：', '主力', '资金', '净流入', '1958.97', '万元', '，', '净', '占', '比', '6.52%', '（']",7.0,423,1
2021/2/1,7037,"['到', '顶了', '，', '撤退', '，', '石化', '油服', '转转', '去']",6.0,338,1
2021/2/1,7038,"['这', '主力', '真能', '磨要', '不', '就', '大涨', '要', '不', '就', '大跌', '磨磨', '唧唧', '的']",7.0,362,1
2021/1/31,7047,"['中海油', '服', '本周', '主力', '净', '流出', '3957.78', '万元', '，', '居', '石油', '行业', '板块']",7.0,506,1
2021/1/31,7050,"['机构', '在', '疯狂', '做空', '，', '难道', '公司', '管理层', '就', '没有', '看到', '吗', '？', '真', '希望']",-8.0,373,-1
2021/1/29,7060,"['中海油', '服', '：', '主力', '资金', '净', '流出', '1580.61', '万元', '，', '净', '占', '比', '-', '7.93%']",7.0,407,1
2021/1/29,7068,"['疯狂', '叫空', '的', '都', '吧', '，', '原油期货', '暴涨', '！', '！', '！', '！', '！', '！', '…', '…', '…']",-6.0,327,-1
2021/1/29,7071,"['大家', '团结一致', '顶', '起来']",7.0,262,1
2021/1/28,7078,"['中海油', '服', '：', '主力', '资金', '净', '流出', '1119.51', '万元', '，', '净', '占', '比', '-', '5.52%']",7.0,718,1
2021/1/28,7080,"['这个', '主力', '格局', '真的', '非常', '小', '。', '天天', '做', 't', '。']",7.0,780,1
2021/1/28,7081,"['今天', '会', '不会', '把', '主力', '套住', '[', '大笑', ']']",-8.0,478,-1
2021/1/27,7086,"['看样子', '主力', '还', '没', '喝够', '血']",7.0,372,1
2021/1/27,7090,"['中海油', '服', '：', '主力', '资金', '净流入', '187.43', '万元', '，', '净', '占', '比', '0.96%', '（', '0']",7.0,683,1
2021/1/27,7091,"['今天', '主力', '做', 't', '两次', '，', '所以', '明天', '有', '可能', '会', '碰', '20', '天线', '。', '碰', '20', '天']",7.0,418,1
2021/1/26,7103,"['主力', '手法', '太狠', '我', '。', '出来', '避险', '。']",7.0,611,1
2021/1/26,7104,"['我', '拿', '你', '拿', '的', '最久', '，', '因为', '对', '你', '的', '信心', '不变', '[', '傲', ']']",5.0,424,1
2021/1/26,7106,"['中海油', '服', '：', '主力', '资金', '连续', '3', '天净', '流出', '累计', '4927.06', '万元', '（', '01']",7.0,447,1
2021/1/26,7109,"['都', '套得', '不行', '，', '每股', '亏了', '一块钱', '了', '。']",-7.0,295,-1
2021/1/26,7111,"['买油服', '不如', '买', '化工']",5.0,333,1
2021/1/25,7124,"['中海油', '服', '：', '主力', '资金', '净', '流出', '187.38', '万元', '，', '净', '占', '比', '-', '0.68%', '（']",7.0,379,1
2021/1/24,7133,"['中海油', '服', '本周', '主力', '净', '流出', '6949.9', '万元', '，', '居', '石油', '行业', '板块', '第']",7.0,521,1
2021/1/22,7142,"['啊哈', '不', '开心', '了', '今天', '在', '自选股', '里', '跌幅', '第一', '[', '好', '困惑', ']', '[', '好', '困惑', ']']",-5.0,417,-1
2021/1/22,7145,"['中海油', '服', '：', '主力', '资金', '净', '流出', '3481.97', '万元', '，', '净', '占', '比', '-', '13.80%']",7.0,593,1
2021/1/22,7151,"['是', '走', '还是', '留', '？', '原油', '指数', '不崩', '，', '我', '不', '走', '，', '哈哈']",-7.0,403,-1
2021/1/21,7161,"['中海油', '服', '：', '主力', '资金', '净流入', '783.73', '万元', '，', '净', '占', '比', '2.78%', '（', '0']",7.0,442,1
2021/1/21,7163,"['16.162', '.', '02', '都', '是', '偶数', '图个', '吉利', '。', '[', '呲', '牙', ']', '[', '呲', '牙', ']', '[', '呲', '牙', ']']",7.0,301,1
2021/1/21,7164,"['赶紧', '买', '，', '主力', '送', '钱']",7.0,356,1
2021/1/21,7174,"['必须', '关注', '低位', '绩优股', '。', '国之', '重器']",6.0,566,1
2021/1/20,7181,"['冲', '啊', '。', '海洋', '霸主', '。']",-5.0,527,-1
2021/1/20,7182,"['以后', '的', '风向标', '，', '哈哈']",8.0,321,1
2021/1/20,7186,"['严重', '低估', '的', '绩优股', '。', '不到', '30', '不出', '。', '两市', '少有', '的']",-6.0,587,-1
2021/1/20,7188,"['一定', '会站', '起来', '的', '。', '加油', '中海油', '服']",8.0,403,1
2021/1/20,7189,"['中海油', '服', '：', '主力', '资金', '净', '流出', '3689.05', '万元', '，', '净']",7.0,521,1
2021/1/20,7199,"['主力', '被', '吓']",7.0,253,1
2021/1/20,7201,"['疯狂', '出货', '诱多', '！']",-7.0,296,-1
2021/1/20,7216,"['16.6', '出', '，', '6.66', '进中车', '，', '主力', '宝宝', '服否']",7.0,283,1
2021/1/20,7217,"['这个', '主力', '真狠', '走', '了']",7.0,275,1
2021/1/20,7226,"['郁闷', '，', '这是', '歧视', 'A股', '吗', '，', '为什么', 'A股', '发行价', '要', '这么', '离谱', '，', '国']",-11.0,294,-1
2021/1/20,7227,['升天'],-7.0,220,-1
2021/1/19,7240,"['下午', '先跌', '5%', '为敬', '，', '最好', '别', '跌停']",10.0,334,1
2021/1/19,7245,"['中海油', '服', '：', '主力', '资金', '净', '流出', '811.02', '万元', '，', '净', '占', '比', '-', '3.55%', '（']",7.0,722,1
2021/1/19,7246,"['好的', '，', '好的', '，', '红收', '，', '舒服', '。', '[', '得意', ']', '[', '得意', ']', '[', '得意', ']']",17.0,270,1
2021/1/19,7247,"['今天', '是', '温情', '避难所', '啊', '[', '右', '哼哼', ']', '[', '右', '哼哼', ']', '[', '右', '哼哼', ']']",5.0,255,1
2021/1/19,7249,"['耐心', '持股', '，', '静待', '明天']",5.0,262,1
2021/1/19,7254,"['油服', '又', '起来', '了', '，', '跟上', '，', '没', '上车', '的', '抓紧']",7.0,293,1
2021/1/19,7255,"['你', '在', '国家', '的', '地位', '不可', '忽视', '，', '科技', '采掘', '。', '国之', '重器']",-5.0,360,-1
2021/1/19,7257,"['不', '开心', '了', '呀', '怎么', '跟', '港股', '差', '这么', '多', '[', '委屈', ']', '[', '委屈', ']', '[', '委屈', ']']",-11.0,274,-1
2021/1/19,7260,"['这', '两天', '本来', '想', '跌', '的', '，', '无赖', '港股', '蛋', '给', '托住', '了', '，', '现在', '上', '也', '上', '不']",-8.0,290,-1
2021/1/19,7261,"['看看', '港股', '，', '洗', '了', '差不多', '该', '起来', '了', '，']",7.0,237,1
2021/1/19,7264,"['激烈', '震荡', '中', '[', '想', '一下', ']']",7.0,265,1
2021/1/19,7265,"['牛逼', '，', '无量', '双阳', '大', '立柱', '！']",7.0,640,1
2021/1/18,7277,"['原来', '是', '港股', '被', 'a', '股带', '偏', '了', '，', '，', '，']",5.0,287,1
2021/1/18,7278,"['中海油', '服', '：', '主力', '资金', '净流入', '248.41', '万元', '，', '净', '占', '比', '0.73%', '（', '0']",7.0,495,1
2021/1/18,7284,"['主力', '脸', '都', '不要', '了']",7.0,430,1
2021/1/18,7290,"['你', '看看', '你', '隔壁', '港股', '，', '人家', '能涨', '九个', '点', '，', '你', '振幅', '都', '不够', '九个']",-5.0,329,-1
2021/1/18,7294,"['完蛋', '了', '，', '太', '垃圾']",-7.0,297,-1
2021/1/18,7296,"['咋', '这么', '丢人', '呢', '，', '唉']",-7.0,277,-1
2021/1/18,7297,"['哈哈', '，', '抄底', '买到', '最高点']",7.0,346,1
2021/1/17,7301,"['中海油', '服', '本周', '主力', '净流入', '2011.61', '万元', '，', '居', '石油', '行业', '板块']",7.0,722,1
2021/1/15,7316,"['中海油', '服', '：', '主力', '资金', '净', '流出', '1959.44', '万元', '，', '净', '占', '比', '-', '4.62%']",7.0,597,1
2021/1/15,7322,"['收盘', '如果', '是', '红色', '那', '就', '可', '可爱', '爱', '，', '不过', '估计', '要', '跌', '0.6', '-', '0.8', '个']",8.0,249,1
2021/1/15,7323,"['大单', '疯狂', '出货', '中', '，', '欢迎', '接盘']",-7.0,151,-1
2021/1/15,7335,"['是不是', '已经', '到', '顶了', '，', '明天', '还', '跌', '吗', '？']",6.5,267,1
2021/1/15,7339,"['今天', '这', '走势', '，', '办', '啥', '不', '弄', '天', '地板', '。', '主力']",-7.0,272,-1
2021/1/15,7340,"['这票', '跌', '起来', '还', '很', '温柔', '的']",11.0,305,1
2021/1/14,7362,"['中海油', '服', '：', '主力', '资金', '净', '流出', '1825.01', '万元', '，', '净', '占', '比', '-', '5.31%']",7.0,835,1
2021/1/14,7365,"['主力', '为什么', '要', '洗盘', '：', '主力', '拉升', '前有', '必要', '洗出', '低位', '跟风盘', '，']",17.0,12851,1
2021/1/14,7368,"['以为', '你', '是', '龙头', '原来', '是', '假', '龙头', '啊', '拜拜']",7.0,366,1
2021/1/13,7382,"['布油', '轻松', '破', '75', '美元', '，', '中海油', '服', '年前', '轻松', '破', '21', '元', '，', '龙一', '地位']",6.0,456,1
2021/1/13,7383,"['今天', '真是', '惊喜', '，', '希望', '明天', '继续', '给力']",8.0,262,1
2021/1/13,7393,"['啊', '啊哈', '哈哈哈哈', '不愧', '是', '我', '的', '好', '兄弟', 'nice', 'nice', 'nice', '爱', '你', '么', '么']",5.0,227,1
2021/1/13,7396,"['中海油', '服', '：', '主力', '资金', '净流入', '6984.1', '万', '创近', '一年', '新高', '（', '01', '-', '1']",10.0,506,1
2021/1/13,7405,"['大盘', '下午', '要', '想', '翻红', '，', '必须', '靠', '中海油', '服', '拉升', '带动', '石油', '板块', '发']",10.0,454,1
2021/1/13,7410,"['这', '换手', '涨停', '确实', '挺难', '的']",6.0,241,1
2021/1/13,7417,"['之前', '全仓', '买', '的', '这个', '股', '，', '亏了', '15%', '，', '中海油', '服', '，', '你', '太', '无耻', '了']",-18.0,249,-1
2021/1/13,7420,"['扬眉吐气', 'cool', '[', '兴奋', ']', '[', '兴奋', ']', '[', '兴奋', ']']",10.0,281,1
2021/1/12,7434,"['中海油', '服', '：', '主力', '资金', '净流入', '361.07', '万元', '，', '净', '占', '比', '1.59%', '（', '0']",7.0,598,1
2021/1/12,7438,"['20', '年', '四季度', '持仓', '出来', '相信', '会', '有', '更多', '的', '鸡', '持仓', '中海油', '服', '的', '加']",7.0,248,1
2021/1/11,7449,"['假', '突破', '！', '套人', '开启', '下跌', '通道']",7.0,363,1
2021/1/11,7450,"['中海油', '服', '：', '主力', '资金', '净', '流出', '1549.11', '万元', '，', '净', '占', '比', '-', '5.22%']",7.0,501,1
2021/1/11,7454,"['粮食', '，', '能源安全', '保障', '是', '未来', '多年', '的', '重点', '关注', '产业', '，', '中海油']",7.0,718,1
2021/1/11,7455,"['三重', '底', '已放', '大量', '突破', '，', '开始', '起飞']",9.0,333,1
2021/1/10,7468,"['中海油', '服', '本周', '主力', '净流入', '4569.8', '万元', '，', '居', '石油', '行业', '板块', '第']",7.0,656,1
2021/1/8,7482,"['中海油', '服', '：', '主力', '资金', '连续', '3', '天', '净流入', '累计', '4603.04', '万元', '（', '01']",7.0,652,1
2021/1/8,7485,"['下午', '，', '上证指数', '翻红', '，', '必须', '依赖', '中海油', '服', '撬动', '！']",7.0,353,1
2021/1/8,7492,"['从', '某种程度', '上', '讲', '，', '交易', '的', '本质', '就是', '管理', '风险', '，', '而', '不是', '执着']",-6.0,5102,-1
2021/1/8,7497,"['原油', '昨日', '最高', '涨幅', '超过', '51', '美元', '，', '打开', '上升', '空间', '，', '主', '升到', '60']",8.0,335,1
2021/1/7,7505,"['中海油', '服', '荣获', '第八届', '港股', '100强', '“', '最具', '投资', '价值', '奖', '”']",6.0,436,1
2021/1/7,7507,"['中海油', '服', '：', '主力', '资金', '净流入', '1333.83', '万元', '，', '净', '占', '比', '3.49%', '（']",7.0,506,1
2021/1/7,7509,"['需要', '一个', '板', '才能', '大热']",5.0,331,1
2021/1/7,7510,"['中海油', '服', '荣获', '公司', '治理', '优秀企业', '奖']",6.0,513,1
2021/1/7,7511,"['油价', '处于', '持续', '回升', '周期', '中', ' ', '积极', '布局', '油价', '回升', '及', '需求', '复苏']",7.0,2113,1
2021/1/7,7512,"['牛', '[', '得意', ']', '[', '得意', ']', '[', '得意', ']', '突破', '新高', '，', '油气', '龙头']",24.0,280,1
2021/1/7,7515,"['中海油', '服', '：', '主力', '资金', '净流入', '1701.6', '万元', '，', '净', '占', '比', '3.61%', '（', '0']",7.0,561,1
2021/1/7,7518,"['运用', '新', '发展', '理念', ' ', '构建', '新', '发展', '格局', ' ', '中海油', '服', '荣获', '2020', '年', '中']",5.0,333,1
2021/1/7,7519,"['洗', '干净', '了']",5.0,450,1
2021/1/7,7524,"['外围', '石油', '大涨', '！', '期货', '主力', '也', '大涨', '！', '今日', '应该', '能', '涨停', '了', '吧']",10.0,610,1
2021/1/7,7527,"['美', '大选', '民主党', '实现', '全面', '胜利', '对', '全球', '是', '正面', '利多']",10.0,266,1
2021/1/6,7548,"['沙特', '减产', '抵消', '俄罗斯', '还有', '其他', '家', '的', '增产', '，', '全球', '经济', '不断', '复']",5.0,286,1
2021/1/6,7562,"['真', '牛逼', '，', '看盘', '半天', '原来', '里面', '一群', '人', '做', 'T', '，', '只要', '红盘', '就', '被', '砸']",5.0,359,1
2021/1/6,7572,"['打脸', '了', '，', '哈哈', '，', '预测', '失误']",7.0,505,1
2021/1/5,7584,"['画图', '高手']",9.0,241,1
2021/1/5,7585,"['A', 'H股', '单日', '涨跌幅', '差要', '接近', '10', '了', '，', '这波', '操作', '真', '心秀', '！']",5.0,302,1
2021/1/5,7588,"['中海油', '服', '：', '主力', '资金', '净', '流出', '2007.69', '万元', '，', '净', '占', '比', '-', '12.13%']",7.0,451,1
2021/1/5,7592,"['油服', '呀', '油服', '陪伴', '你', '这么', '多年', '的', '都', '是', '真爱']",7.0,282,1
2021/1/4,7598,"['中海油', '服', '：', '主力', '资金', '净流入', '1974.44', '万元', '，', '净', '占', '比', '10.24%']",7.0,509,1
2021/1/3,7605,"['中海油', '服', '本周', '主力', '净', '流出', '4631.1', '万元', '，', '居', '石油', '行业', '板块', '第']",7.0,380,1
